/* =====================================================================
   LostAndFound - seed/demo DATA export (INSERTs only, no schema). GENERATED - do not hand-edit.
   Run on an EMPTY DB, right after schema.sql:
     sqlcmd -S "(localdb)\MSSQLLocalDB" -b -i LostAndFound/db/schema.sql
     sqlcmd -S "(localdb)\MSSQLLocalDB" -d LostAndFound -b -i LostAndFound/db/seed-data.sql
   Demo member login: userNN@lostandfound.local / Demo#12345
   ===================================================================== */
USE [LostAndFound];
GO
-- The Identity tables have filtered indexes, so inserts need QUOTED_IDENTIFIER ON (sqlcmd defaults it OFF).
SET QUOTED_IDENTIFIER ON;
SET ANSI_NULLS ON;
SET NOCOUNT ON;
GO
INSERT [dbo].[AspNetUsers] ([Id], [UserName], [NormalizedUserName], [Email], [NormalizedEmail], [EmailConfirmed], [PasswordHash], [SecurityStamp], [ConcurrencyStamp], [PhoneNumber], [PhoneNumberConfirmed], [TwoFactorEnabled], [LockoutEnd], [LockoutEnabled], [AccessFailedCount], [FullName]) VALUES (N'1ca4b2ba-8ff1-4199-a086-e50831f22692', N'user02@lostandfound.local', N'USER02@LOSTANDFOUND.LOCAL', N'user02@lostandfound.local', N'USER02@LOSTANDFOUND.LOCAL', 1, N'AQAAAAIAAYagAAAAEMblT2vKulDT6mO5OFN5lbEfGMC2DDg+a4wsJ8K103py43pO/huErE5zrJSW3gl8Cw==', N'WAJWPHGHKZAHOXIOMSX73KJB5G4C5SVS', N'90b02528-e58d-4064-bee4-aca5b5bd56b4', N'0968128456', 0, 0, NULL, 1, 0, N'Bùi Văn Mai')
INSERT [dbo].[AspNetUsers] ([Id], [UserName], [NormalizedUserName], [Email], [NormalizedEmail], [EmailConfirmed], [PasswordHash], [SecurityStamp], [ConcurrencyStamp], [PhoneNumber], [PhoneNumberConfirmed], [TwoFactorEnabled], [LockoutEnd], [LockoutEnabled], [AccessFailedCount], [FullName]) VALUES (N'2101af1e-bd9c-4d7d-aa92-40fae6538117', N'user05@lostandfound.local', N'USER05@LOSTANDFOUND.LOCAL', N'user05@lostandfound.local', N'USER05@LOSTANDFOUND.LOCAL', 1, N'AQAAAAIAAYagAAAAEJ94twq8/ki4neWrpJvHcZQIZc7vZn8kFt2eZX07NRFaWKWQ8xKF82QPgnF0If7fjw==', N'VGJCLZAMEDBABKRUCDXYNBKMZJ4FJGOE', N'bba7e77e-3ef4-47c6-8067-6dfb2beebfff', N'0972673482', 0, 0, NULL, 1, 0, N'Đỗ Văn An')
INSERT [dbo].[AspNetUsers] ([Id], [UserName], [NormalizedUserName], [Email], [NormalizedEmail], [EmailConfirmed], [PasswordHash], [SecurityStamp], [ConcurrencyStamp], [PhoneNumber], [PhoneNumberConfirmed], [TwoFactorEnabled], [LockoutEnd], [LockoutEnabled], [AccessFailedCount], [FullName]) VALUES (N'2ceaa0f0-cb00-468f-a11d-8f8a4846f42c', N'user09@lostandfound.local', N'USER09@LOSTANDFOUND.LOCAL', N'user09@lostandfound.local', N'USER09@LOSTANDFOUND.LOCAL', 1, N'AQAAAAIAAYagAAAAEMzUsEKl9By5ajcNjSt/nCBB4GQTh/o93GHwUTB059YRO900qp352zDI4bHYkqUNcA==', N'IEMYE2YQNEIBN6ANEPSG2KH5TYONELPF', N'd9b3ca22-972f-4d08-a586-aaad12b8b9f7', N'0993085430', 0, 0, NULL, 1, 0, N'Lý Quang Trang')
INSERT [dbo].[AspNetUsers] ([Id], [UserName], [NormalizedUserName], [Email], [NormalizedEmail], [EmailConfirmed], [PasswordHash], [SecurityStamp], [ConcurrencyStamp], [PhoneNumber], [PhoneNumberConfirmed], [TwoFactorEnabled], [LockoutEnd], [LockoutEnabled], [AccessFailedCount], [FullName]) VALUES (N'34db3144-1c76-4d48-825d-38ec333a3f94', N'member@lostandfound.local', N'MEMBER@LOSTANDFOUND.LOCAL', N'member@lostandfound.local', N'MEMBER@LOSTANDFOUND.LOCAL', 1, N'AQAAAAIAAYagAAAAEFtYKdGTqdhEBOS8+P/eqplBBR6kHHWk1NnO/Se8pM17Ff4fwC2A0O2WA1i/hzI6Fw==', N'PD7S6VD4BTH53UNSVBJNWQNBS4YUTX2K', N'0f488da9-f9a7-45b9-a8cd-b1c16aa85a1e', NULL, 0, 0, NULL, 1, 0, N'Sample Member')
INSERT [dbo].[AspNetUsers] ([Id], [UserName], [NormalizedUserName], [Email], [NormalizedEmail], [EmailConfirmed], [PasswordHash], [SecurityStamp], [ConcurrencyStamp], [PhoneNumber], [PhoneNumberConfirmed], [TwoFactorEnabled], [LockoutEnd], [LockoutEnabled], [AccessFailedCount], [FullName]) VALUES (N'4ac7e084-bfb3-47a5-970d-b57b11700767', N'admin@lostandfound.local', N'ADMIN@LOSTANDFOUND.LOCAL', N'admin@lostandfound.local', N'ADMIN@LOSTANDFOUND.LOCAL', 1, N'AQAAAAIAAYagAAAAECtSjPJcyP5PdhMAIFtOuwWTU/PH2G4T6H95lJKfO0TJoJ9DHe343Qi5/ZTN8ykliQ==', N'QNCA2OJTNMXKAWAMHIAZCI45YWXPWXST', N'13dd1732-2ee4-4ebc-a68e-a24092a4d5ea', NULL, 0, 0, NULL, 1, 0, N'System Administrator')
INSERT [dbo].[AspNetUsers] ([Id], [UserName], [NormalizedUserName], [Email], [NormalizedEmail], [EmailConfirmed], [PasswordHash], [SecurityStamp], [ConcurrencyStamp], [PhoneNumber], [PhoneNumberConfirmed], [TwoFactorEnabled], [LockoutEnd], [LockoutEnabled], [AccessFailedCount], [FullName]) VALUES (N'5944c50f-c625-4ac0-badb-4357a195f96e', N'user16@lostandfound.local', N'USER16@LOSTANDFOUND.LOCAL', N'user16@lostandfound.local', N'USER16@LOSTANDFOUND.LOCAL', 1, N'AQAAAAIAAYagAAAAEAp/TCtHwi4N+swQJY3h1QUUFkWmjZID3GAb0gJpWrAF8d6T5HMB7HOyYvFyTceFEw==', N'4OLM22IWL5HE36HJKUDB4IAYLWCBHMNC', N'9b50a80f-88f1-4114-a1a6-7aa6f27a512c', N'0932145525', 0, 0, NULL, 1, 0, N'Trần Thị Ngọc')
INSERT [dbo].[AspNetUsers] ([Id], [UserName], [NormalizedUserName], [Email], [NormalizedEmail], [EmailConfirmed], [PasswordHash], [SecurityStamp], [ConcurrencyStamp], [PhoneNumber], [PhoneNumberConfirmed], [TwoFactorEnabled], [LockoutEnd], [LockoutEnabled], [AccessFailedCount], [FullName]) VALUES (N'5b3be607-bddf-4500-be13-f6501eb60f96', N'user11@lostandfound.local', N'USER11@LOSTANDFOUND.LOCAL', N'user11@lostandfound.local', N'USER11@LOSTANDFOUND.LOCAL', 1, N'AQAAAAIAAYagAAAAEDwKX1e0K66mYKI5/sq3AK9S48uRhhIGRJb2VzcUktjpa1eXW8ZD19cNPBARy9iYCw==', N'BEZEA22E2FHPOVIBRWESCZOADVCWCNTH', N'707e5854-702f-4842-afaa-19211d1ecc84', N'0975463143', 0, 0, NULL, 1, 0, N'Phan Văn Quỳnh')
INSERT [dbo].[AspNetUsers] ([Id], [UserName], [NormalizedUserName], [Email], [NormalizedEmail], [EmailConfirmed], [PasswordHash], [SecurityStamp], [ConcurrencyStamp], [PhoneNumber], [PhoneNumberConfirmed], [TwoFactorEnabled], [LockoutEnd], [LockoutEnabled], [AccessFailedCount], [FullName]) VALUES (N'5d81a090-d2f4-4c6a-9bbe-20869bd5b4f7', N'user12@lostandfound.local', N'USER12@LOSTANDFOUND.LOCAL', N'user12@lostandfound.local', N'USER12@LOSTANDFOUND.LOCAL', 1, N'AQAAAAIAAYagAAAAEC24jsumuNGO6iusfYqohc8U8E9IoN/ES7+O4xLCHqVx6zdQvj/eI0ZCInqr1Jr0oQ==', N'OTMQUH5MH4AWFENNGECBQYVCZXWD5BCP', N'b19fc522-3da1-4d09-bcfb-e1853923702c', N'0970503591', 0, 0, NULL, 1, 0, N'Phạm Gia Linh')
INSERT [dbo].[AspNetUsers] ([Id], [UserName], [NormalizedUserName], [Email], [NormalizedEmail], [EmailConfirmed], [PasswordHash], [SecurityStamp], [ConcurrencyStamp], [PhoneNumber], [PhoneNumberConfirmed], [TwoFactorEnabled], [LockoutEnd], [LockoutEnabled], [AccessFailedCount], [FullName]) VALUES (N'643f61f6-4b5c-40fc-89eb-a5f30b040ea9', N'user15@lostandfound.local', N'USER15@LOSTANDFOUND.LOCAL', N'user15@lostandfound.local', N'USER15@LOSTANDFOUND.LOCAL', 1, N'AQAAAAIAAYagAAAAEK63FQOg4Q+MNxw35JRGL95wOZPLIEanUEPHuPqaK/EKsA2bOF5HcHdtkBuSYJpybw==', N'AQE5VLU3TGBSQSC7HMQFPXDF77V7VUZK', N'a96fa5c6-92a3-4c5f-bb16-1cce7ef7450b', N'0919318778', 0, 0, NULL, 1, 0, N'Hoàng Ngọc Hoa')
INSERT [dbo].[AspNetUsers] ([Id], [UserName], [NormalizedUserName], [Email], [NormalizedEmail], [EmailConfirmed], [PasswordHash], [SecurityStamp], [ConcurrencyStamp], [PhoneNumber], [PhoneNumberConfirmed], [TwoFactorEnabled], [LockoutEnd], [LockoutEnabled], [AccessFailedCount], [FullName]) VALUES (N'74748c7b-2777-43ed-830d-e58637e04c97', N'staff@lostandfound.local', N'STAFF@LOSTANDFOUND.LOCAL', N'staff@lostandfound.local', N'STAFF@LOSTANDFOUND.LOCAL', 1, N'AQAAAAIAAYagAAAAEOiSp9MPFt854q9Gj2hnL67N4nuuRC+rJa7LvWDgF8/LYPzhl1lS1VF1xospu2Frlg==', N'2INVQTNSJQFHNYKKVCYLBORATNXBJTNN', N'1e423447-d302-48aa-8802-5f80ce2797eb', NULL, 0, 0, NULL, 1, 0, N'Front-desk Staff')
INSERT [dbo].[AspNetUsers] ([Id], [UserName], [NormalizedUserName], [Email], [NormalizedEmail], [EmailConfirmed], [PasswordHash], [SecurityStamp], [ConcurrencyStamp], [PhoneNumber], [PhoneNumberConfirmed], [TwoFactorEnabled], [LockoutEnd], [LockoutEnabled], [AccessFailedCount], [FullName]) VALUES (N'826e7014-bd04-4b35-a545-5395a53b1d44', N'user17@lostandfound.local', N'USER17@LOSTANDFOUND.LOCAL', N'user17@lostandfound.local', N'USER17@LOSTANDFOUND.LOCAL', 1, N'AQAAAAIAAYagAAAAEP3PhCVgjN3gXuPQ0muwP6IsFjMS9QbyuBRpCl7ilv5NTLH1aqWS7uKvIyYha0DihQ==', N'TEQME556YSN3WNZIXJYU6HHFCLAOXCH7', N'90bc4f34-9a91-40f9-b296-fc1745720fa1', N'0928348512', 0, 0, NULL, 1, 0, N'Lý Văn Nam')
INSERT [dbo].[AspNetUsers] ([Id], [UserName], [NormalizedUserName], [Email], [NormalizedEmail], [EmailConfirmed], [PasswordHash], [SecurityStamp], [ConcurrencyStamp], [PhoneNumber], [PhoneNumberConfirmed], [TwoFactorEnabled], [LockoutEnd], [LockoutEnabled], [AccessFailedCount], [FullName]) VALUES (N'8cd3d438-f129-46a2-a8ba-44d454d541b7', N'user18@lostandfound.local', N'USER18@LOSTANDFOUND.LOCAL', N'user18@lostandfound.local', N'USER18@LOSTANDFOUND.LOCAL', 1, N'AQAAAAIAAYagAAAAEE+1D31HimAo9xuB9zWSJk4vmHVco2sGOnWMMdGS8MJ6+xqlpNfOc6BHBalSY0dGfQ==', N'MP2TYMMFBHPXNCXO4MZI2Z4RYOFV2UBB', N'816cd1cb-399c-4cf6-94bb-07eab1ee0c23', N'0976329083', 0, 0, NULL, 1, 0, N'Ngô Thanh Tuấn')
INSERT [dbo].[AspNetUsers] ([Id], [UserName], [NormalizedUserName], [Email], [NormalizedEmail], [EmailConfirmed], [PasswordHash], [SecurityStamp], [ConcurrencyStamp], [PhoneNumber], [PhoneNumberConfirmed], [TwoFactorEnabled], [LockoutEnd], [LockoutEnabled], [AccessFailedCount], [FullName]) VALUES (N'99b5a892-dee1-4a3a-883e-f416fad14bc6', N'user07@lostandfound.local', N'USER07@LOSTANDFOUND.LOCAL', N'user07@lostandfound.local', N'USER07@LOSTANDFOUND.LOCAL', 1, N'AQAAAAIAAYagAAAAEJE9Deul39XCBJb/hvpeV5otKWVe+PpyoqkbIbRtx2nywt/WvtGTLvFhI99u1dcIiA==', N'4SX2W5HXJ5DWFACMO36MRZMSVGN7V47W', N'317874f3-d0ad-4987-9301-c7b265caa291', N'0941604534', 0, 0, NULL, 1, 0, N'Phan Ngọc Yến')
INSERT [dbo].[AspNetUsers] ([Id], [UserName], [NormalizedUserName], [Email], [NormalizedEmail], [EmailConfirmed], [PasswordHash], [SecurityStamp], [ConcurrencyStamp], [PhoneNumber], [PhoneNumberConfirmed], [TwoFactorEnabled], [LockoutEnd], [LockoutEnabled], [AccessFailedCount], [FullName]) VALUES (N'a211edff-8072-43c6-b5c7-127e863d94a6', N'user13@lostandfound.local', N'USER13@LOSTANDFOUND.LOCAL', N'user13@lostandfound.local', N'USER13@LOSTANDFOUND.LOCAL', 1, N'AQAAAAIAAYagAAAAEMxmgcR7/GUe09RNzfDWRUfr++TZSbAD1Ku4FEeCu4o69PfzJM0sa2egYUDL492nyw==', N'TTNYSNQA4LX3Y6T2TXNQLZBNKJEDAUTX', N'1d48e4c4-75f8-4771-94d8-7e09cdac3b4a', N'0974808483', 0, 0, NULL, 1, 0, N'Phan Văn Hoa')
INSERT [dbo].[AspNetUsers] ([Id], [UserName], [NormalizedUserName], [Email], [NormalizedEmail], [EmailConfirmed], [PasswordHash], [SecurityStamp], [ConcurrencyStamp], [PhoneNumber], [PhoneNumberConfirmed], [TwoFactorEnabled], [LockoutEnd], [LockoutEnabled], [AccessFailedCount], [FullName]) VALUES (N'ab5a9ac2-181c-4481-9a66-32c79eb01727', N'user04@lostandfound.local', N'USER04@LOSTANDFOUND.LOCAL', N'user04@lostandfound.local', N'USER04@LOSTANDFOUND.LOCAL', 1, N'AQAAAAIAAYagAAAAEC6MWJtb2lLpv5i1VshHoa/a19Il4znC6ZbD+LlP69Npq7o3ZPomDOtNzBqcTv0/nA==', N'J36TR3QQAWEXNBVQPPJV57I5EBL3SMJI', N'38bc655c-444f-4b20-a718-d93d5698cf33', N'0936747329', 0, 0, NULL, 1, 0, N'Dương Gia Sơn')
INSERT [dbo].[AspNetUsers] ([Id], [UserName], [NormalizedUserName], [Email], [NormalizedEmail], [EmailConfirmed], [PasswordHash], [SecurityStamp], [ConcurrencyStamp], [PhoneNumber], [PhoneNumberConfirmed], [TwoFactorEnabled], [LockoutEnd], [LockoutEnabled], [AccessFailedCount], [FullName]) VALUES (N'b69520e7-a38a-4e8e-96d4-20dabd297cbf', N'user14@lostandfound.local', N'USER14@LOSTANDFOUND.LOCAL', N'user14@lostandfound.local', N'USER14@LOSTANDFOUND.LOCAL', 1, N'AQAAAAIAAYagAAAAEIni4fqfLaT95WG9kEJkjUm9pDhISwGx6xt3dsR1bPZk0Pwuqv5RvGes6LeUBq3zBg==', N'NU573YY6G4K6H2A4A67L4SVOJ6R3KAM2', N'b3e390f3-d2d4-4903-b51c-36c0ed7a4fe4', N'0918329504', 0, 0, NULL, 1, 0, N'Nguyễn Thị Dũng')
INSERT [dbo].[AspNetUsers] ([Id], [UserName], [NormalizedUserName], [Email], [NormalizedEmail], [EmailConfirmed], [PasswordHash], [SecurityStamp], [ConcurrencyStamp], [PhoneNumber], [PhoneNumberConfirmed], [TwoFactorEnabled], [LockoutEnd], [LockoutEnabled], [AccessFailedCount], [FullName]) VALUES (N'c5bd4ae5-9dbe-4126-b596-80cdd5718eee', N'user19@lostandfound.local', N'USER19@LOSTANDFOUND.LOCAL', N'user19@lostandfound.local', N'USER19@LOSTANDFOUND.LOCAL', 1, N'AQAAAAIAAYagAAAAEPaweGHBXE5DSEsIiEuWLyFK4MxwTE+xTh6fpfviba0WCOSTAgNSdwm3Tfb/ibsyzA==', N'BWHXVG6MXDFDT5OSY74HINUGNL55DSZA', N'ce69d339-da0c-4532-8782-4de2950f1d6b', N'0978293335', 0, 0, NULL, 1, 0, N'Đỗ Hữu Giang')
INSERT [dbo].[AspNetUsers] ([Id], [UserName], [NormalizedUserName], [Email], [NormalizedEmail], [EmailConfirmed], [PasswordHash], [SecurityStamp], [ConcurrencyStamp], [PhoneNumber], [PhoneNumberConfirmed], [TwoFactorEnabled], [LockoutEnd], [LockoutEnabled], [AccessFailedCount], [FullName]) VALUES (N'caaf0ff3-db0f-479d-8865-042b004ebfae', N'user06@lostandfound.local', N'USER06@LOSTANDFOUND.LOCAL', N'user06@lostandfound.local', N'USER06@LOSTANDFOUND.LOCAL', 1, N'AQAAAAIAAYagAAAAEMAyNNvJImiTKGMyfyVuqtwIwlcC1oHCvkhrb7JMVcETDRZGcpnX/r9T3H1oe77AgQ==', N'6AZMHBBWEEWL5ENOLXLHW3A5MJHP22O2', N'496838fa-b272-43cb-832a-e35c1d596c8a', N'0998265992', 0, 0, NULL, 1, 0, N'Ngô Ngọc Giang')
INSERT [dbo].[AspNetUsers] ([Id], [UserName], [NormalizedUserName], [Email], [NormalizedEmail], [EmailConfirmed], [PasswordHash], [SecurityStamp], [ConcurrencyStamp], [PhoneNumber], [PhoneNumberConfirmed], [TwoFactorEnabled], [LockoutEnd], [LockoutEnabled], [AccessFailedCount], [FullName]) VALUES (N'df754c46-45b7-4771-b550-893ef7a85390', N'user20@lostandfound.local', N'USER20@LOSTANDFOUND.LOCAL', N'user20@lostandfound.local', N'USER20@LOSTANDFOUND.LOCAL', 1, N'AQAAAAIAAYagAAAAEL89ormKoxVcZ7lfuHqj0QEe3AgebPBFiV0MYrYWCpi/bN8ucjyMj8mNTMlWx5aqng==', N'NEFH4FXCNTAR2JRFLK6NKUN564BLMUT6', N'ab2fe371-5e51-4911-9c7e-d047de2f07f9', N'0977575878', 0, 0, NULL, 1, 0, N'Đỗ Minh Quỳnh')
INSERT [dbo].[AspNetUsers] ([Id], [UserName], [NormalizedUserName], [Email], [NormalizedEmail], [EmailConfirmed], [PasswordHash], [SecurityStamp], [ConcurrencyStamp], [PhoneNumber], [PhoneNumberConfirmed], [TwoFactorEnabled], [LockoutEnd], [LockoutEnabled], [AccessFailedCount], [FullName]) VALUES (N'e726eb22-f69e-4653-9d86-ddd6666ef28b', N'user08@lostandfound.local', N'USER08@LOSTANDFOUND.LOCAL', N'user08@lostandfound.local', N'USER08@LOSTANDFOUND.LOCAL', 1, N'AQAAAAIAAYagAAAAEKONuV8lQUoHyZxa+Tr7B9pFT2dcb1jP5kz3LGTJEBNMjrngWkptCTKgXwHlu476cw==', N'4MHBF3WRAASCAZNBKW2BUWIJXF3MH5U2', N'56ef4d20-877d-47c7-aca6-d85023d74861', N'0976766155', 0, 0, NULL, 1, 0, N'Nguyễn Minh Thảo')
INSERT [dbo].[AspNetUsers] ([Id], [UserName], [NormalizedUserName], [Email], [NormalizedEmail], [EmailConfirmed], [PasswordHash], [SecurityStamp], [ConcurrencyStamp], [PhoneNumber], [PhoneNumberConfirmed], [TwoFactorEnabled], [LockoutEnd], [LockoutEnabled], [AccessFailedCount], [FullName]) VALUES (N'f3ecf69f-fb2f-4da7-9fc0-719f0c61a329', N'user10@lostandfound.local', N'USER10@LOSTANDFOUND.LOCAL', N'user10@lostandfound.local', N'USER10@LOSTANDFOUND.LOCAL', 1, N'AQAAAAIAAYagAAAAEEYtig6n6LgFF77uQ1iBQ9e4+zoEnpD0ppAK4gk/hHpvrijNIvnPiVIXHApYYU/vVQ==', N'2MEMZ3SRXK6Q6IOMWYMRXUB43ICJJYCG', N'8259b4d0-544e-4123-92d8-99947faa9290', N'0976707751', 0, 0, NULL, 1, 0, N'Huỳnh Văn Hoa')
INSERT [dbo].[AspNetUsers] ([Id], [UserName], [NormalizedUserName], [Email], [NormalizedEmail], [EmailConfirmed], [PasswordHash], [SecurityStamp], [ConcurrencyStamp], [PhoneNumber], [PhoneNumberConfirmed], [TwoFactorEnabled], [LockoutEnd], [LockoutEnabled], [AccessFailedCount], [FullName]) VALUES (N'f8148f03-af79-48ba-a5c3-b4953cb49919', N'user03@lostandfound.local', N'USER03@LOSTANDFOUND.LOCAL', N'user03@lostandfound.local', N'USER03@LOSTANDFOUND.LOCAL', 1, N'AQAAAAIAAYagAAAAECZVq6oAYVpUoquws4H+VhfsuGmJN8RLhbnbX3/Z6K6Rep/qIIuCQ6zJJupu8u28BA==', N'PDYMKNLV3NOZSQD2WG3QFREYIO5VZYCK', N'3f70b494-1bf8-474f-b787-8ee93d9d658d', N'0960109163', 0, 0, NULL, 1, 0, N'Bùi Thanh Thảo')
INSERT [dbo].[AspNetUsers] ([Id], [UserName], [NormalizedUserName], [Email], [NormalizedEmail], [EmailConfirmed], [PasswordHash], [SecurityStamp], [ConcurrencyStamp], [PhoneNumber], [PhoneNumberConfirmed], [TwoFactorEnabled], [LockoutEnd], [LockoutEnabled], [AccessFailedCount], [FullName]) VALUES (N'fdd8a67b-d384-4698-aac0-baa276e40c6c', N'user01@lostandfound.local', N'USER01@LOSTANDFOUND.LOCAL', N'user01@lostandfound.local', N'USER01@LOSTANDFOUND.LOCAL', 1, N'AQAAAAIAAYagAAAAEIuxh9qd/fjdJ7ePR1TO+n91NtfAANCKs02i01G/HtPN7CrEOyB1Mh5pFUMnx2+mXQ==', N'WD6QCZYOQQ4Z4HY4DYT2TIG5SA5IWUNY', N'4f293f6e-99dd-43e7-ac55-2891b92fe44b', N'0975706726', 0, 0, NULL, 1, 0, N'Đặng Ngọc Mai')
SET IDENTITY_INSERT [dbo].[Category] ON 

INSERT [dbo].[Category] ([Id], [ParentId], [Name]) VALUES (1, NULL, N'Điện tử')
INSERT [dbo].[Category] ([Id], [ParentId], [Name]) VALUES (2, 1, N'Điện thoại')
INSERT [dbo].[Category] ([Id], [ParentId], [Name]) VALUES (3, 1, N'Laptop')
INSERT [dbo].[Category] ([Id], [ParentId], [Name]) VALUES (4, 1, N'Máy tính bảng')
INSERT [dbo].[Category] ([Id], [ParentId], [Name]) VALUES (5, 1, N'Tai nghe')
INSERT [dbo].[Category] ([Id], [ParentId], [Name]) VALUES (6, 1, N'Sạc & Cáp')
INSERT [dbo].[Category] ([Id], [ParentId], [Name]) VALUES (7, 1, N'Chuột & Bàn phím')
INSERT [dbo].[Category] ([Id], [ParentId], [Name]) VALUES (8, 1, N'Đồng hồ thông minh')
INSERT [dbo].[Category] ([Id], [ParentId], [Name]) VALUES (9, NULL, N'Giấy tờ')
INSERT [dbo].[Category] ([Id], [ParentId], [Name]) VALUES (10, 9, N'Thẻ sinh viên')
INSERT [dbo].[Category] ([Id], [ParentId], [Name]) VALUES (11, 9, N'CCCD/CMND')
INSERT [dbo].[Category] ([Id], [ParentId], [Name]) VALUES (12, 9, N'Bằng lái xe')
INSERT [dbo].[Category] ([Id], [ParentId], [Name]) VALUES (13, 9, N'Thẻ ngân hàng/ATM')
INSERT [dbo].[Category] ([Id], [ParentId], [Name]) VALUES (14, 9, N'Sổ & Vở')
INSERT [dbo].[Category] ([Id], [ParentId], [Name]) VALUES (15, NULL, N'Ví & Túi')
INSERT [dbo].[Category] ([Id], [ParentId], [Name]) VALUES (16, 15, N'Ví/Bóp')
INSERT [dbo].[Category] ([Id], [ParentId], [Name]) VALUES (17, 15, N'Túi xách')
INSERT [dbo].[Category] ([Id], [ParentId], [Name]) VALUES (18, 15, N'Balo')
INSERT [dbo].[Category] ([Id], [ParentId], [Name]) VALUES (19, 15, N'Túi đựng laptop')
INSERT [dbo].[Category] ([Id], [ParentId], [Name]) VALUES (20, NULL, N'Đồ dùng cá nhân')
INSERT [dbo].[Category] ([Id], [ParentId], [Name]) VALUES (21, 20, N'Chìa khoá')
INSERT [dbo].[Category] ([Id], [ParentId], [Name]) VALUES (22, 20, N'Kính mắt')
INSERT [dbo].[Category] ([Id], [ParentId], [Name]) VALUES (23, 20, N'Ô/Dù')
INSERT [dbo].[Category] ([Id], [ParentId], [Name]) VALUES (24, 20, N'Bình giữ nhiệt')
INSERT [dbo].[Category] ([Id], [ParentId], [Name]) VALUES (25, 20, N'Mũ/Nón')
INSERT [dbo].[Category] ([Id], [ParentId], [Name]) VALUES (26, 20, N'Đồng hồ đeo tay')
INSERT [dbo].[Category] ([Id], [ParentId], [Name]) VALUES (27, NULL, N'Trang phục')
INSERT [dbo].[Category] ([Id], [ParentId], [Name]) VALUES (28, 27, N'Áo khoác')
INSERT [dbo].[Category] ([Id], [ParentId], [Name]) VALUES (29, 27, N'Khăn choàng')
INSERT [dbo].[Category] ([Id], [ParentId], [Name]) VALUES (30, 27, N'Giày/Dép')
INSERT [dbo].[Category] ([Id], [ParentId], [Name]) VALUES (31, NULL, N'Khác')
SET IDENTITY_INSERT [dbo].[Category] OFF
SET IDENTITY_INSERT [dbo].[Location] ON 

INSERT [dbo].[Location] ([Id], [Building], [Name]) VALUES (1, NULL, N'Thư viện trung tâm')
INSERT [dbo].[Location] ([Id], [Building], [Name]) VALUES (2, N'Toà A', N'Căng tin')
INSERT [dbo].[Location] ([Id], [Building], [Name]) VALUES (3, N'Toà H1', N'Giảng đường 101')
INSERT [dbo].[Location] ([Id], [Building], [Name]) VALUES (4, N'Toà H2', N'Giảng đường 205')
INSERT [dbo].[Location] ([Id], [Building], [Name]) VALUES (5, NULL, N'Sảnh chính')
INSERT [dbo].[Location] ([Id], [Building], [Name]) VALUES (6, NULL, N'Bãi giữ xe')
INSERT [dbo].[Location] ([Id], [Building], [Name]) VALUES (7, NULL, N'Sân vận động')
INSERT [dbo].[Location] ([Id], [Building], [Name]) VALUES (8, NULL, N'Ký túc xá khu B')
INSERT [dbo].[Location] ([Id], [Building], [Name]) VALUES (9, NULL, N'Phòng bảo vệ')
INSERT [dbo].[Location] ([Id], [Building], [Name]) VALUES (10, NULL, N'Hội trường lớn')
INSERT [dbo].[Location] ([Id], [Building], [Name]) VALUES (11, NULL, N'Phòng thí nghiệm B4')
INSERT [dbo].[Location] ([Id], [Building], [Name]) VALUES (12, NULL, N'Nhà xe sinh viên')
SET IDENTITY_INSERT [dbo].[Location] OFF
SET IDENTITY_INSERT [dbo].[LostItem] ON 

INSERT [dbo].[LostItem] ([Id], [Title], [Description], [CategoryId], [LocationId], [LostAt], [Status], [OwnerUserId], [CreatedAt]) VALUES (1, N'Mũ bảo hiểm', N'Mình làm mất mũ bảo hiểm. Nón bảo hiểm nửa đầu.', 25, 1, CAST(N'2026-06-06T22:08:14.2409841' AS DateTime2), 0, N'ab5a9ac2-181c-4481-9a66-32c79eb01727', CAST(N'2026-06-06T22:21:14.2409841' AS DateTime2))
INSERT [dbo].[LostItem] ([Id], [Title], [Description], [CategoryId], [LocationId], [LostAt], [Status], [OwnerUserId], [CreatedAt]) VALUES (2, N'Samsung Galaxy', N'Mình làm mất samsung galaxy. Điện thoại Android màn hình lớn.', 2, 10, CAST(N'2026-06-08T02:28:14.2409841' AS DateTime2), 0, N'caaf0ff3-db0f-479d-8865-042b004ebfae', CAST(N'2026-06-08T05:03:14.2409841' AS DateTime2))
INSERT [dbo].[LostItem] ([Id], [Title], [Description], [CategoryId], [LocationId], [LostAt], [Status], [OwnerUserId], [CreatedAt]) VALUES (3, N'Thẻ ATM', N'Mình làm mất thẻ atm. Thẻ ngân hàng.', 13, 1, CAST(N'2026-06-10T02:22:14.2409841' AS DateTime2), 0, N'99b5a892-dee1-4a3a-883e-f416fad14bc6', CAST(N'2026-06-10T03:21:14.2409841' AS DateTime2))
INSERT [dbo].[LostItem] ([Id], [Title], [Description], [CategoryId], [LocationId], [LostAt], [Status], [OwnerUserId], [CreatedAt]) VALUES (4, N'Giày thể thao', N'Mình làm mất giày thể thao. Một chiếc giày thể thao.', 30, 2, CAST(N'2026-06-30T20:25:14.2409841' AS DateTime2), 0, N'e726eb22-f69e-4653-9d86-ddd6666ef28b', CAST(N'2026-06-30T20:36:14.2409841' AS DateTime2))
INSERT [dbo].[LostItem] ([Id], [Title], [Description], [CategoryId], [LocationId], [LostAt], [Status], [OwnerUserId], [CreatedAt]) VALUES (5, N'Sổ tay', N'Mình làm mất sổ tay. Sổ ghi chép bìa cứng.', 14, 8, CAST(N'2026-06-21T21:06:14.2409841' AS DateTime2), 0, N'f8148f03-af79-48ba-a5c3-b4953cb49919', CAST(N'2026-06-21T22:22:14.2409841' AS DateTime2))
INSERT [dbo].[LostItem] ([Id], [Title], [Description], [CategoryId], [LocationId], [LostAt], [Status], [OwnerUserId], [CreatedAt]) VALUES (6, N'Ví da nam', N'Mình làm mất ví da nam. Ví da nam, bên trong còn vài loại thẻ.', 16, 7, CAST(N'2026-06-17T03:20:14.2409841' AS DateTime2), 0, N'2101af1e-bd9c-4d7d-aa92-40fae6538117', CAST(N'2026-06-17T05:25:14.2409841' AS DateTime2))
INSERT [dbo].[LostItem] ([Id], [Title], [Description], [CategoryId], [LocationId], [LostAt], [Status], [OwnerUserId], [CreatedAt]) VALUES (7, N'iPhone 13', N'Mình làm mất iphone 13. Điện thoại đã khoá màn hình, còn pin.', 2, 4, CAST(N'2026-06-02T02:38:14.2409841' AS DateTime2), 0, N'df754c46-45b7-4771-b550-893ef7a85390', CAST(N'2026-06-02T04:58:14.2409841' AS DateTime2))
INSERT [dbo].[LostItem] ([Id], [Title], [Description], [CategoryId], [LocationId], [LostAt], [Status], [OwnerUserId], [CreatedAt]) VALUES (8, N'Thẻ ATM', N'Mình làm mất thẻ atm. Thẻ ngân hàng.', 13, 8, CAST(N'2026-06-25T05:49:14.2409841' AS DateTime2), 0, N'f8148f03-af79-48ba-a5c3-b4953cb49919', CAST(N'2026-06-25T06:09:14.2409841' AS DateTime2))
INSERT [dbo].[LostItem] ([Id], [Title], [Description], [CategoryId], [LocationId], [LostAt], [Status], [OwnerUserId], [CreatedAt]) VALUES (9, N'Sổ tay', N'Mình làm mất sổ tay. Sổ ghi chép bìa cứng.', 14, 10, CAST(N'2026-06-16T11:14:14.2409841' AS DateTime2), 0, N'8cd3d438-f129-46a2-a8ba-44d454d541b7', CAST(N'2026-06-16T13:08:14.2409841' AS DateTime2))
INSERT [dbo].[LostItem] ([Id], [Title], [Description], [CategoryId], [LocationId], [LostAt], [Status], [OwnerUserId], [CreatedAt]) VALUES (10, N'Ô gấp', N'Mình làm mất ô gấp. Ô/dù gấp gọn.', 23, 10, CAST(N'2026-06-18T15:04:14.2409841' AS DateTime2), 0, N'2ceaa0f0-cb00-468f-a11d-8f8a4846f42c', CAST(N'2026-06-18T17:47:14.2409841' AS DateTime2))
INSERT [dbo].[LostItem] ([Id], [Title], [Description], [CategoryId], [LocationId], [LostAt], [Status], [OwnerUserId], [CreatedAt]) VALUES (11, N'Đồng hồ đeo tay', N'Mình làm mất đồng hồ đeo tay. Đồng hồ dây da.', 26, 2, CAST(N'2026-06-28T18:18:14.2409841' AS DateTime2), 0, N'2ceaa0f0-cb00-468f-a11d-8f8a4846f42c', CAST(N'2026-06-28T20:44:14.2409841' AS DateTime2))
INSERT [dbo].[LostItem] ([Id], [Title], [Description], [CategoryId], [LocationId], [LostAt], [Status], [OwnerUserId], [CreatedAt]) VALUES (12, N'Túi xách nữ', N'Mình làm mất túi xách nữ. Túi xách nhỏ.', 17, 5, CAST(N'2026-06-07T21:17:14.2409841' AS DateTime2), 0, N'c5bd4ae5-9dbe-4126-b596-80cdd5718eee', CAST(N'2026-06-07T22:55:14.2409841' AS DateTime2))
INSERT [dbo].[LostItem] ([Id], [Title], [Description], [CategoryId], [LocationId], [LostAt], [Status], [OwnerUserId], [CreatedAt]) VALUES (13, N'Thẻ ATM', N'Mình làm mất thẻ atm. Thẻ ngân hàng.', 13, 9, CAST(N'2026-06-25T08:35:14.2409841' AS DateTime2), 0, N'826e7014-bd04-4b35-a545-5395a53b1d44', CAST(N'2026-06-25T11:13:14.2409841' AS DateTime2))
INSERT [dbo].[LostItem] ([Id], [Title], [Description], [CategoryId], [LocationId], [LostAt], [Status], [OwnerUserId], [CreatedAt]) VALUES (14, N'Kính cận gọng nhựa', N'Mình làm mất kính cận gọng nhựa. Kính cận đựng trong hộp.', 22, 8, CAST(N'2026-07-09T04:48:14.2409841' AS DateTime2), 0, N'643f61f6-4b5c-40fc-89eb-a5f30b040ea9', CAST(N'2026-07-09T05:59:14.2409841' AS DateTime2))
INSERT [dbo].[LostItem] ([Id], [Title], [Description], [CategoryId], [LocationId], [LostAt], [Status], [OwnerUserId], [CreatedAt]) VALUES (15, N'Laptop Dell', N'Mình làm mất laptop dell. Laptop trong túi chống sốc.', 3, 11, CAST(N'2026-06-10T16:17:14.2409841' AS DateTime2), 0, N'e726eb22-f69e-4653-9d86-ddd6666ef28b', CAST(N'2026-06-10T16:38:14.2409841' AS DateTime2))
INSERT [dbo].[LostItem] ([Id], [Title], [Description], [CategoryId], [LocationId], [LostAt], [Status], [OwnerUserId], [CreatedAt]) VALUES (16, N'Chuột không dây', N'Mình làm mất chuột không dây. Chuột Logitech.', 7, 6, CAST(N'2026-06-27T04:34:14.2409841' AS DateTime2), 0, N'826e7014-bd04-4b35-a545-5395a53b1d44', CAST(N'2026-06-27T05:18:14.2409841' AS DateTime2))
INSERT [dbo].[LostItem] ([Id], [Title], [Description], [CategoryId], [LocationId], [LostAt], [Status], [OwnerUserId], [CreatedAt]) VALUES (17, N'Ví da nam', N'Mình làm mất ví da nam. Ví da nam, bên trong còn vài loại thẻ.', 16, 8, CAST(N'2026-07-09T20:10:14.2409841' AS DateTime2), 0, N'f8148f03-af79-48ba-a5c3-b4953cb49919', CAST(N'2026-07-09T20:29:14.2409841' AS DateTime2))
INSERT [dbo].[LostItem] ([Id], [Title], [Description], [CategoryId], [LocationId], [LostAt], [Status], [OwnerUserId], [CreatedAt]) VALUES (18, N'Thẻ ATM', N'Mình làm mất thẻ atm. Thẻ ngân hàng.', 13, 7, CAST(N'2026-06-23T21:29:14.2409841' AS DateTime2), 0, N'2101af1e-bd9c-4d7d-aa92-40fae6538117', CAST(N'2026-06-23T22:34:14.2409841' AS DateTime2))
INSERT [dbo].[LostItem] ([Id], [Title], [Description], [CategoryId], [LocationId], [LostAt], [Status], [OwnerUserId], [CreatedAt]) VALUES (19, N'Áo khoác gió', N'Mình làm mất áo khoác gió. Áo khoác dù nhẹ.', 28, 7, CAST(N'2026-06-19T01:57:14.2409841' AS DateTime2), 0, N'5d81a090-d2f4-4c6a-9bbe-20869bd5b4f7', CAST(N'2026-06-19T02:41:14.2409841' AS DateTime2))
INSERT [dbo].[LostItem] ([Id], [Title], [Description], [CategoryId], [LocationId], [LostAt], [Status], [OwnerUserId], [CreatedAt]) VALUES (20, N'Ô gấp', N'Mình làm mất ô gấp. Ô/dù gấp gọn.', 23, 10, CAST(N'2026-06-07T16:12:14.2409841' AS DateTime2), 0, N'f8148f03-af79-48ba-a5c3-b4953cb49919', CAST(N'2026-06-07T16:43:14.2409841' AS DateTime2))
INSERT [dbo].[LostItem] ([Id], [Title], [Description], [CategoryId], [LocationId], [LostAt], [Status], [OwnerUserId], [CreatedAt]) VALUES (21, N'Giày thể thao', N'Mình làm mất giày thể thao. Một chiếc giày thể thao.', 30, 4, CAST(N'2026-06-02T03:01:14.2409841' AS DateTime2), 0, N'fdd8a67b-d384-4698-aac0-baa276e40c6c', CAST(N'2026-06-02T05:13:14.2409841' AS DateTime2))
INSERT [dbo].[LostItem] ([Id], [Title], [Description], [CategoryId], [LocationId], [LostAt], [Status], [OwnerUserId], [CreatedAt]) VALUES (22, N'Sạc dự phòng', N'Mình làm mất sạc dự phòng. Pin sạc dự phòng.', 6, 11, CAST(N'2026-06-02T00:07:14.2409841' AS DateTime2), 0, N'1ca4b2ba-8ff1-4199-a086-e50831f22692', CAST(N'2026-06-02T00:27:14.2409841' AS DateTime2))
INSERT [dbo].[LostItem] ([Id], [Title], [Description], [CategoryId], [LocationId], [LostAt], [Status], [OwnerUserId], [CreatedAt]) VALUES (23, N'Ví da nam', N'Mình làm mất ví da nam. Ví da nam, bên trong còn vài loại thẻ.', 16, 8, CAST(N'2026-07-03T05:37:14.2409841' AS DateTime2), 0, N'b69520e7-a38a-4e8e-96d4-20dabd297cbf', CAST(N'2026-07-03T06:02:14.2409841' AS DateTime2))
INSERT [dbo].[LostItem] ([Id], [Title], [Description], [CategoryId], [LocationId], [LostAt], [Status], [OwnerUserId], [CreatedAt]) VALUES (24, N'Giày thể thao', N'Mình làm mất giày thể thao. Một chiếc giày thể thao.', 30, 10, CAST(N'2026-06-29T17:42:14.2409841' AS DateTime2), 0, N'caaf0ff3-db0f-479d-8865-042b004ebfae', CAST(N'2026-06-29T19:07:14.2409841' AS DateTime2))
SET IDENTITY_INSERT [dbo].[LostItem] OFF
SET IDENTITY_INSERT [dbo].[LostItemImage] ON 

INSERT [dbo].[LostItemImage] ([Id], [LostItemId], [Url], [SortOrder]) VALUES (1, 3, N'https://picsum.photos/seed/laflost3_0/640/420', 0)
INSERT [dbo].[LostItemImage] ([Id], [LostItemId], [Url], [SortOrder]) VALUES (2, 6, N'https://picsum.photos/seed/laflost6_0/640/420', 0)
INSERT [dbo].[LostItemImage] ([Id], [LostItemId], [Url], [SortOrder]) VALUES (3, 9, N'https://picsum.photos/seed/laflost9_0/640/420', 0)
INSERT [dbo].[LostItemImage] ([Id], [LostItemId], [Url], [SortOrder]) VALUES (4, 10, N'https://picsum.photos/seed/laflost10_0/640/420', 0)
INSERT [dbo].[LostItemImage] ([Id], [LostItemId], [Url], [SortOrder]) VALUES (5, 10, N'https://picsum.photos/seed/laflost10_1/640/420', 1)
INSERT [dbo].[LostItemImage] ([Id], [LostItemId], [Url], [SortOrder]) VALUES (6, 11, N'https://picsum.photos/seed/laflost11_0/640/420', 0)
INSERT [dbo].[LostItemImage] ([Id], [LostItemId], [Url], [SortOrder]) VALUES (7, 11, N'https://picsum.photos/seed/laflost11_1/640/420', 1)
INSERT [dbo].[LostItemImage] ([Id], [LostItemId], [Url], [SortOrder]) VALUES (8, 13, N'https://picsum.photos/seed/laflost13_0/640/420', 0)
INSERT [dbo].[LostItemImage] ([Id], [LostItemId], [Url], [SortOrder]) VALUES (9, 14, N'https://picsum.photos/seed/laflost14_0/640/420', 0)
INSERT [dbo].[LostItemImage] ([Id], [LostItemId], [Url], [SortOrder]) VALUES (10, 15, N'https://picsum.photos/seed/laflost15_0/640/420', 0)
INSERT [dbo].[LostItemImage] ([Id], [LostItemId], [Url], [SortOrder]) VALUES (11, 16, N'https://picsum.photos/seed/laflost16_0/640/420', 0)
INSERT [dbo].[LostItemImage] ([Id], [LostItemId], [Url], [SortOrder]) VALUES (12, 18, N'https://picsum.photos/seed/laflost18_0/640/420', 0)
INSERT [dbo].[LostItemImage] ([Id], [LostItemId], [Url], [SortOrder]) VALUES (13, 19, N'https://picsum.photos/seed/laflost19_0/640/420', 0)
INSERT [dbo].[LostItemImage] ([Id], [LostItemId], [Url], [SortOrder]) VALUES (14, 20, N'https://picsum.photos/seed/laflost20_0/640/420', 0)
INSERT [dbo].[LostItemImage] ([Id], [LostItemId], [Url], [SortOrder]) VALUES (15, 20, N'https://picsum.photos/seed/laflost20_1/640/420', 1)
INSERT [dbo].[LostItemImage] ([Id], [LostItemId], [Url], [SortOrder]) VALUES (16, 21, N'https://picsum.photos/seed/laflost21_0/640/420', 0)
INSERT [dbo].[LostItemImage] ([Id], [LostItemId], [Url], [SortOrder]) VALUES (17, 22, N'https://picsum.photos/seed/laflost22_0/640/420', 0)
INSERT [dbo].[LostItemImage] ([Id], [LostItemId], [Url], [SortOrder]) VALUES (18, 22, N'https://picsum.photos/seed/laflost22_1/640/420', 1)
INSERT [dbo].[LostItemImage] ([Id], [LostItemId], [Url], [SortOrder]) VALUES (19, 23, N'https://picsum.photos/seed/laflost23_0/640/420', 0)
INSERT [dbo].[LostItemImage] ([Id], [LostItemId], [Url], [SortOrder]) VALUES (20, 23, N'https://picsum.photos/seed/laflost23_1/640/420', 1)
INSERT [dbo].[LostItemImage] ([Id], [LostItemId], [Url], [SortOrder]) VALUES (21, 24, N'https://picsum.photos/seed/laflost24_0/640/420', 0)
SET IDENTITY_INSERT [dbo].[LostItemImage] OFF
SET IDENTITY_INSERT [dbo].[Tag] ON 

INSERT [dbo].[Tag] ([Id], [DisplayTag], [NormalizedTag]) VALUES (1, N'ví', N'vi')
INSERT [dbo].[Tag] ([Id], [DisplayTag], [NormalizedTag]) VALUES (2, N'ví da', N'vi da')
INSERT [dbo].[Tag] ([Id], [DisplayTag], [NormalizedTag]) VALUES (3, N'iphone', N'iphone')
INSERT [dbo].[Tag] ([Id], [DisplayTag], [NormalizedTag]) VALUES (4, N'điện thoại', N'dien thoai')
INSERT [dbo].[Tag] ([Id], [DisplayTag], [NormalizedTag]) VALUES (5, N'apple', N'apple')
INSERT [dbo].[Tag] ([Id], [DisplayTag], [NormalizedTag]) VALUES (6, N'samsung', N'samsung')
INSERT [dbo].[Tag] ([Id], [DisplayTag], [NormalizedTag]) VALUES (7, N'android', N'android')
INSERT [dbo].[Tag] ([Id], [DisplayTag], [NormalizedTag]) VALUES (8, N'thẻ sinh viên', N'the sinh vien')
INSERT [dbo].[Tag] ([Id], [DisplayTag], [NormalizedTag]) VALUES (9, N'mssv', N'mssv')
INSERT [dbo].[Tag] ([Id], [DisplayTag], [NormalizedTag]) VALUES (10, N'chìa khoá', N'chia khoa')
INSERT [dbo].[Tag] ([Id], [DisplayTag], [NormalizedTag]) VALUES (11, N'xe máy', N'xe may')
INSERT [dbo].[Tag] ([Id], [DisplayTag], [NormalizedTag]) VALUES (12, N'tai nghe', N'tai nghe')
INSERT [dbo].[Tag] ([Id], [DisplayTag], [NormalizedTag]) VALUES (13, N'bluetooth', N'bluetooth')
INSERT [dbo].[Tag] ([Id], [DisplayTag], [NormalizedTag]) VALUES (14, N'airpods', N'airpods')
INSERT [dbo].[Tag] ([Id], [DisplayTag], [NormalizedTag]) VALUES (15, N'balo', N'balo')
INSERT [dbo].[Tag] ([Id], [DisplayTag], [NormalizedTag]) VALUES (16, N'laptop', N'laptop')
INSERT [dbo].[Tag] ([Id], [DisplayTag], [NormalizedTag]) VALUES (17, N'kính', N'kinh')
INSERT [dbo].[Tag] ([Id], [DisplayTag], [NormalizedTag]) VALUES (18, N'kính cận', N'kinh can')
INSERT [dbo].[Tag] ([Id], [DisplayTag], [NormalizedTag]) VALUES (19, N'ô', N'o')
INSERT [dbo].[Tag] ([Id], [DisplayTag], [NormalizedTag]) VALUES (20, N'dù', N'du')
INSERT [dbo].[Tag] ([Id], [DisplayTag], [NormalizedTag]) VALUES (21, N'bình nước', N'binh nuoc')
INSERT [dbo].[Tag] ([Id], [DisplayTag], [NormalizedTag]) VALUES (22, N'giữ nhiệt', N'giu nhiet')
INSERT [dbo].[Tag] ([Id], [DisplayTag], [NormalizedTag]) VALUES (23, N'áo khoác', N'ao khoac')
INSERT [dbo].[Tag] ([Id], [DisplayTag], [NormalizedTag]) VALUES (24, N'áo gió', N'ao gio')
INSERT [dbo].[Tag] ([Id], [DisplayTag], [NormalizedTag]) VALUES (25, N'cccd', N'cccd')
INSERT [dbo].[Tag] ([Id], [DisplayTag], [NormalizedTag]) VALUES (26, N'căn cước', N'can cuoc')
INSERT [dbo].[Tag] ([Id], [DisplayTag], [NormalizedTag]) VALUES (27, N'atm', N'atm')
INSERT [dbo].[Tag] ([Id], [DisplayTag], [NormalizedTag]) VALUES (28, N'thẻ ngân hàng', N'the ngan hang')
INSERT [dbo].[Tag] ([Id], [DisplayTag], [NormalizedTag]) VALUES (29, N'dell', N'dell')
INSERT [dbo].[Tag] ([Id], [DisplayTag], [NormalizedTag]) VALUES (30, N'ipad', N'ipad')
INSERT [dbo].[Tag] ([Id], [DisplayTag], [NormalizedTag]) VALUES (31, N'máy tính bảng', N'may tinh bang')
INSERT [dbo].[Tag] ([Id], [DisplayTag], [NormalizedTag]) VALUES (32, N'đồng hồ', N'dong ho')
INSERT [dbo].[Tag] ([Id], [DisplayTag], [NormalizedTag]) VALUES (33, N'mũ', N'mu')
INSERT [dbo].[Tag] ([Id], [DisplayTag], [NormalizedTag]) VALUES (34, N'nón bảo hiểm', N'non bao hiem')
INSERT [dbo].[Tag] ([Id], [DisplayTag], [NormalizedTag]) VALUES (35, N'sạc dự phòng', N'sac du phong')
INSERT [dbo].[Tag] ([Id], [DisplayTag], [NormalizedTag]) VALUES (36, N'pin', N'pin')
INSERT [dbo].[Tag] ([Id], [DisplayTag], [NormalizedTag]) VALUES (37, N'túi xách', N'tui xach')
INSERT [dbo].[Tag] ([Id], [DisplayTag], [NormalizedTag]) VALUES (38, N'sổ tay', N'so tay')
INSERT [dbo].[Tag] ([Id], [DisplayTag], [NormalizedTag]) VALUES (39, N'vở', N'vo')
INSERT [dbo].[Tag] ([Id], [DisplayTag], [NormalizedTag]) VALUES (40, N'chuột', N'chuot')
INSERT [dbo].[Tag] ([Id], [DisplayTag], [NormalizedTag]) VALUES (41, N'logitech', N'logitech')
INSERT [dbo].[Tag] ([Id], [DisplayTag], [NormalizedTag]) VALUES (42, N'khăn', N'khan')
INSERT [dbo].[Tag] ([Id], [DisplayTag], [NormalizedTag]) VALUES (43, N'giày', N'giay')
INSERT [dbo].[Tag] ([Id], [DisplayTag], [NormalizedTag]) VALUES (44, N'bằng lái', N'bang lai')
INSERT [dbo].[Tag] ([Id], [DisplayTag], [NormalizedTag]) VALUES (45, N'gplx', N'gplx')
INSERT [dbo].[Tag] ([Id], [DisplayTag], [NormalizedTag]) VALUES (46, N'apple watch', N'apple watch')
INSERT [dbo].[Tag] ([Id], [DisplayTag], [NormalizedTag]) VALUES (47, N'smartwatch', N'smartwatch')
INSERT [dbo].[Tag] ([Id], [DisplayTag], [NormalizedTag]) VALUES (48, N'khác', N'khac')
SET IDENTITY_INSERT [dbo].[Tag] OFF
SET IDENTITY_INSERT [dbo].[LostItemTag] ON 

INSERT [dbo].[LostItemTag] ([Id], [LostItemId], [TagId]) VALUES (1, 1, 33)
INSERT [dbo].[LostItemTag] ([Id], [LostItemId], [TagId]) VALUES (2, 1, 34)
INSERT [dbo].[LostItemTag] ([Id], [LostItemId], [TagId]) VALUES (5, 2, 4)
INSERT [dbo].[LostItemTag] ([Id], [LostItemId], [TagId]) VALUES (3, 2, 6)
INSERT [dbo].[LostItemTag] ([Id], [LostItemId], [TagId]) VALUES (4, 2, 7)
INSERT [dbo].[LostItemTag] ([Id], [LostItemId], [TagId]) VALUES (6, 3, 27)
INSERT [dbo].[LostItemTag] ([Id], [LostItemId], [TagId]) VALUES (7, 3, 28)
INSERT [dbo].[LostItemTag] ([Id], [LostItemId], [TagId]) VALUES (8, 4, 43)
INSERT [dbo].[LostItemTag] ([Id], [LostItemId], [TagId]) VALUES (9, 5, 38)
INSERT [dbo].[LostItemTag] ([Id], [LostItemId], [TagId]) VALUES (10, 5, 39)
INSERT [dbo].[LostItemTag] ([Id], [LostItemId], [TagId]) VALUES (11, 6, 1)
INSERT [dbo].[LostItemTag] ([Id], [LostItemId], [TagId]) VALUES (12, 6, 2)
INSERT [dbo].[LostItemTag] ([Id], [LostItemId], [TagId]) VALUES (13, 7, 3)
INSERT [dbo].[LostItemTag] ([Id], [LostItemId], [TagId]) VALUES (14, 7, 4)
INSERT [dbo].[LostItemTag] ([Id], [LostItemId], [TagId]) VALUES (15, 7, 5)
INSERT [dbo].[LostItemTag] ([Id], [LostItemId], [TagId]) VALUES (16, 8, 27)
INSERT [dbo].[LostItemTag] ([Id], [LostItemId], [TagId]) VALUES (17, 8, 28)
INSERT [dbo].[LostItemTag] ([Id], [LostItemId], [TagId]) VALUES (18, 9, 38)
INSERT [dbo].[LostItemTag] ([Id], [LostItemId], [TagId]) VALUES (19, 9, 39)
INSERT [dbo].[LostItemTag] ([Id], [LostItemId], [TagId]) VALUES (20, 10, 19)
INSERT [dbo].[LostItemTag] ([Id], [LostItemId], [TagId]) VALUES (21, 10, 20)
INSERT [dbo].[LostItemTag] ([Id], [LostItemId], [TagId]) VALUES (22, 11, 32)
INSERT [dbo].[LostItemTag] ([Id], [LostItemId], [TagId]) VALUES (23, 12, 37)
INSERT [dbo].[LostItemTag] ([Id], [LostItemId], [TagId]) VALUES (24, 13, 27)
INSERT [dbo].[LostItemTag] ([Id], [LostItemId], [TagId]) VALUES (25, 13, 28)
INSERT [dbo].[LostItemTag] ([Id], [LostItemId], [TagId]) VALUES (26, 14, 17)
INSERT [dbo].[LostItemTag] ([Id], [LostItemId], [TagId]) VALUES (27, 14, 18)
INSERT [dbo].[LostItemTag] ([Id], [LostItemId], [TagId]) VALUES (28, 15, 16)
INSERT [dbo].[LostItemTag] ([Id], [LostItemId], [TagId]) VALUES (29, 15, 29)
INSERT [dbo].[LostItemTag] ([Id], [LostItemId], [TagId]) VALUES (30, 16, 40)
INSERT [dbo].[LostItemTag] ([Id], [LostItemId], [TagId]) VALUES (31, 16, 41)
INSERT [dbo].[LostItemTag] ([Id], [LostItemId], [TagId]) VALUES (32, 17, 1)
INSERT [dbo].[LostItemTag] ([Id], [LostItemId], [TagId]) VALUES (33, 17, 2)
INSERT [dbo].[LostItemTag] ([Id], [LostItemId], [TagId]) VALUES (34, 18, 27)
INSERT [dbo].[LostItemTag] ([Id], [LostItemId], [TagId]) VALUES (35, 18, 28)
INSERT [dbo].[LostItemTag] ([Id], [LostItemId], [TagId]) VALUES (36, 19, 23)
INSERT [dbo].[LostItemTag] ([Id], [LostItemId], [TagId]) VALUES (37, 19, 24)
INSERT [dbo].[LostItemTag] ([Id], [LostItemId], [TagId]) VALUES (38, 20, 19)
INSERT [dbo].[LostItemTag] ([Id], [LostItemId], [TagId]) VALUES (39, 20, 20)
INSERT [dbo].[LostItemTag] ([Id], [LostItemId], [TagId]) VALUES (40, 21, 43)
INSERT [dbo].[LostItemTag] ([Id], [LostItemId], [TagId]) VALUES (41, 22, 35)
INSERT [dbo].[LostItemTag] ([Id], [LostItemId], [TagId]) VALUES (42, 22, 36)
INSERT [dbo].[LostItemTag] ([Id], [LostItemId], [TagId]) VALUES (43, 23, 1)
INSERT [dbo].[LostItemTag] ([Id], [LostItemId], [TagId]) VALUES (44, 23, 2)
INSERT [dbo].[LostItemTag] ([Id], [LostItemId], [TagId]) VALUES (45, 24, 43)
SET IDENTITY_INSERT [dbo].[LostItemTag] OFF
INSERT [dbo].[AspNetRoles] ([Id], [Name], [NormalizedName], [ConcurrencyStamp]) VALUES (N'00f30219-79f0-4d03-a864-77c2260cab2a', N'Guest', N'GUEST', NULL)
INSERT [dbo].[AspNetRoles] ([Id], [Name], [NormalizedName], [ConcurrencyStamp]) VALUES (N'14cd33e7-e569-4367-9216-359f9e6bb096', N'Member', N'MEMBER', NULL)
INSERT [dbo].[AspNetRoles] ([Id], [Name], [NormalizedName], [ConcurrencyStamp]) VALUES (N'512dca9f-d68f-4262-a0a3-4ea4bf5eaa19', N'Admin', N'ADMIN', NULL)
INSERT [dbo].[AspNetRoles] ([Id], [Name], [NormalizedName], [ConcurrencyStamp]) VALUES (N'8b9774dc-6971-4e2b-9d9d-49e1926c3984', N'Staff', N'STAFF', NULL)
INSERT [dbo].[AspNetUserRoles] ([UserId], [RoleId]) VALUES (N'1ca4b2ba-8ff1-4199-a086-e50831f22692', N'14cd33e7-e569-4367-9216-359f9e6bb096')
INSERT [dbo].[AspNetUserRoles] ([UserId], [RoleId]) VALUES (N'2101af1e-bd9c-4d7d-aa92-40fae6538117', N'14cd33e7-e569-4367-9216-359f9e6bb096')
INSERT [dbo].[AspNetUserRoles] ([UserId], [RoleId]) VALUES (N'2ceaa0f0-cb00-468f-a11d-8f8a4846f42c', N'14cd33e7-e569-4367-9216-359f9e6bb096')
INSERT [dbo].[AspNetUserRoles] ([UserId], [RoleId]) VALUES (N'34db3144-1c76-4d48-825d-38ec333a3f94', N'14cd33e7-e569-4367-9216-359f9e6bb096')
INSERT [dbo].[AspNetUserRoles] ([UserId], [RoleId]) VALUES (N'5944c50f-c625-4ac0-badb-4357a195f96e', N'14cd33e7-e569-4367-9216-359f9e6bb096')
INSERT [dbo].[AspNetUserRoles] ([UserId], [RoleId]) VALUES (N'5b3be607-bddf-4500-be13-f6501eb60f96', N'14cd33e7-e569-4367-9216-359f9e6bb096')
INSERT [dbo].[AspNetUserRoles] ([UserId], [RoleId]) VALUES (N'5d81a090-d2f4-4c6a-9bbe-20869bd5b4f7', N'14cd33e7-e569-4367-9216-359f9e6bb096')
INSERT [dbo].[AspNetUserRoles] ([UserId], [RoleId]) VALUES (N'643f61f6-4b5c-40fc-89eb-a5f30b040ea9', N'14cd33e7-e569-4367-9216-359f9e6bb096')
INSERT [dbo].[AspNetUserRoles] ([UserId], [RoleId]) VALUES (N'826e7014-bd04-4b35-a545-5395a53b1d44', N'14cd33e7-e569-4367-9216-359f9e6bb096')
INSERT [dbo].[AspNetUserRoles] ([UserId], [RoleId]) VALUES (N'8cd3d438-f129-46a2-a8ba-44d454d541b7', N'14cd33e7-e569-4367-9216-359f9e6bb096')
INSERT [dbo].[AspNetUserRoles] ([UserId], [RoleId]) VALUES (N'99b5a892-dee1-4a3a-883e-f416fad14bc6', N'14cd33e7-e569-4367-9216-359f9e6bb096')
INSERT [dbo].[AspNetUserRoles] ([UserId], [RoleId]) VALUES (N'a211edff-8072-43c6-b5c7-127e863d94a6', N'14cd33e7-e569-4367-9216-359f9e6bb096')
INSERT [dbo].[AspNetUserRoles] ([UserId], [RoleId]) VALUES (N'ab5a9ac2-181c-4481-9a66-32c79eb01727', N'14cd33e7-e569-4367-9216-359f9e6bb096')
INSERT [dbo].[AspNetUserRoles] ([UserId], [RoleId]) VALUES (N'b69520e7-a38a-4e8e-96d4-20dabd297cbf', N'14cd33e7-e569-4367-9216-359f9e6bb096')
INSERT [dbo].[AspNetUserRoles] ([UserId], [RoleId]) VALUES (N'c5bd4ae5-9dbe-4126-b596-80cdd5718eee', N'14cd33e7-e569-4367-9216-359f9e6bb096')
INSERT [dbo].[AspNetUserRoles] ([UserId], [RoleId]) VALUES (N'caaf0ff3-db0f-479d-8865-042b004ebfae', N'14cd33e7-e569-4367-9216-359f9e6bb096')
INSERT [dbo].[AspNetUserRoles] ([UserId], [RoleId]) VALUES (N'df754c46-45b7-4771-b550-893ef7a85390', N'14cd33e7-e569-4367-9216-359f9e6bb096')
INSERT [dbo].[AspNetUserRoles] ([UserId], [RoleId]) VALUES (N'e726eb22-f69e-4653-9d86-ddd6666ef28b', N'14cd33e7-e569-4367-9216-359f9e6bb096')
INSERT [dbo].[AspNetUserRoles] ([UserId], [RoleId]) VALUES (N'f3ecf69f-fb2f-4da7-9fc0-719f0c61a329', N'14cd33e7-e569-4367-9216-359f9e6bb096')
INSERT [dbo].[AspNetUserRoles] ([UserId], [RoleId]) VALUES (N'f8148f03-af79-48ba-a5c3-b4953cb49919', N'14cd33e7-e569-4367-9216-359f9e6bb096')
INSERT [dbo].[AspNetUserRoles] ([UserId], [RoleId]) VALUES (N'fdd8a67b-d384-4698-aac0-baa276e40c6c', N'14cd33e7-e569-4367-9216-359f9e6bb096')
INSERT [dbo].[AspNetUserRoles] ([UserId], [RoleId]) VALUES (N'4ac7e084-bfb3-47a5-970d-b57b11700767', N'512dca9f-d68f-4262-a0a3-4ea4bf5eaa19')
INSERT [dbo].[AspNetUserRoles] ([UserId], [RoleId]) VALUES (N'74748c7b-2777-43ed-830d-e58637e04c97', N'8b9774dc-6971-4e2b-9d9d-49e1926c3984')
SET IDENTITY_INSERT [dbo].[AuditLog] ON 

INSERT [dbo].[AuditLog] ([Id], [ActorUserId], [Action], [EntityType], [EntityId], [FromStatus], [ToStatus], [Detail], [IsPublic], [CreatedAt], [IpAddress]) VALUES (1, N'5d81a090-d2f4-4c6a-9bbe-20869bd5b4f7', N'Created', N'FoundItem', N'1', NULL, N'PendingDropoff', N'Đăng đồ nhặt được: iPhone 13', 0, CAST(N'2026-06-24T23:43:10.2245955' AS DateTime2), NULL)
INSERT [dbo].[AuditLog] ([Id], [ActorUserId], [Action], [EntityType], [EntityId], [FromStatus], [ToStatus], [Detail], [IsPublic], [CreatedAt], [IpAddress]) VALUES (2, N'ab5a9ac2-181c-4481-9a66-32c79eb01727', N'Created', N'FoundItem', N'2', NULL, N'Open', N'Đăng đồ nhặt được: Giày thể thao', 1, CAST(N'2026-05-31T14:07:10.2245955' AS DateTime2), NULL)
INSERT [dbo].[AuditLog] ([Id], [ActorUserId], [Action], [EntityType], [EntityId], [FromStatus], [ToStatus], [Detail], [IsPublic], [CreatedAt], [IpAddress]) VALUES (3, N'99b5a892-dee1-4a3a-883e-f416fad14bc6', N'Created', N'FoundItem', N'3', NULL, N'Open', N'Đăng đồ nhặt được: Giày thể thao', 1, CAST(N'2026-06-07T17:28:10.2245955' AS DateTime2), NULL)
INSERT [dbo].[AuditLog] ([Id], [ActorUserId], [Action], [EntityType], [EntityId], [FromStatus], [ToStatus], [Detail], [IsPublic], [CreatedAt], [IpAddress]) VALUES (4, N'5944c50f-c625-4ac0-badb-4357a195f96e', N'Created', N'FoundItem', N'4', NULL, N'Open', N'Đăng đồ nhặt được: Máy tính bảng iPad', 1, CAST(N'2026-07-11T00:59:10.2245955' AS DateTime2), NULL)
INSERT [dbo].[AuditLog] ([Id], [ActorUserId], [Action], [EntityType], [EntityId], [FromStatus], [ToStatus], [Detail], [IsPublic], [CreatedAt], [IpAddress]) VALUES (5, N'b69520e7-a38a-4e8e-96d4-20dabd297cbf', N'Created', N'FoundItem', N'5', NULL, N'Open', N'Đăng đồ nhặt được: Balo laptop', 1, CAST(N'2026-07-12T19:27:10.2245955' AS DateTime2), NULL)
INSERT [dbo].[AuditLog] ([Id], [ActorUserId], [Action], [EntityType], [EntityId], [FromStatus], [ToStatus], [Detail], [IsPublic], [CreatedAt], [IpAddress]) VALUES (6, N'2101af1e-bd9c-4d7d-aa92-40fae6538117', N'Created', N'FoundItem', N'6', NULL, N'Open', N'Đăng đồ nhặt được: Chuột không dây', 1, CAST(N'2026-06-17T12:55:10.2245955' AS DateTime2), NULL)
INSERT [dbo].[AuditLog] ([Id], [ActorUserId], [Action], [EntityType], [EntityId], [FromStatus], [ToStatus], [Detail], [IsPublic], [CreatedAt], [IpAddress]) VALUES (7, N'826e7014-bd04-4b35-a545-5395a53b1d44', N'Created', N'FoundItem', N'7', NULL, N'PendingDropoff', N'Đăng đồ nhặt được: Ví da nam', 0, CAST(N'2026-07-03T15:31:10.2245955' AS DateTime2), NULL)
INSERT [dbo].[AuditLog] ([Id], [ActorUserId], [Action], [EntityType], [EntityId], [FromStatus], [ToStatus], [Detail], [IsPublic], [CreatedAt], [IpAddress]) VALUES (8, N'1ca4b2ba-8ff1-4199-a086-e50831f22692', N'Created', N'FoundItem', N'8', NULL, N'Open', N'Đăng đồ nhặt được: Khăn choàng len', 1, CAST(N'2026-06-22T15:28:10.2245955' AS DateTime2), NULL)
INSERT [dbo].[AuditLog] ([Id], [ActorUserId], [Action], [EntityType], [EntityId], [FromStatus], [ToStatus], [Detail], [IsPublic], [CreatedAt], [IpAddress]) VALUES (9, N'df754c46-45b7-4771-b550-893ef7a85390', N'Created', N'FoundItem', N'9', NULL, N'Open', N'Đăng đồ nhặt được: Bằng lái xe A1', 1, CAST(N'2026-06-27T10:38:10.2245955' AS DateTime2), NULL)
INSERT [dbo].[AuditLog] ([Id], [ActorUserId], [Action], [EntityType], [EntityId], [FromStatus], [ToStatus], [Detail], [IsPublic], [CreatedAt], [IpAddress]) VALUES (10, N'826e7014-bd04-4b35-a545-5395a53b1d44', N'Created', N'FoundItem', N'10', NULL, N'Open', N'Đăng đồ nhặt được: Máy tính bảng iPad', 1, CAST(N'2026-05-15T00:10:10.2245955' AS DateTime2), NULL)
INSERT [dbo].[AuditLog] ([Id], [ActorUserId], [Action], [EntityType], [EntityId], [FromStatus], [ToStatus], [Detail], [IsPublic], [CreatedAt], [IpAddress]) VALUES (11, N'ab5a9ac2-181c-4481-9a66-32c79eb01727', N'Created', N'FoundItem', N'11', NULL, N'Open', N'Đăng đồ nhặt được: Samsung Galaxy', 1, CAST(N'2026-06-05T20:52:10.2245955' AS DateTime2), NULL)
INSERT [dbo].[AuditLog] ([Id], [ActorUserId], [Action], [EntityType], [EntityId], [FromStatus], [ToStatus], [Detail], [IsPublic], [CreatedAt], [IpAddress]) VALUES (12, N'99b5a892-dee1-4a3a-883e-f416fad14bc6', N'Created', N'FoundItem', N'12', NULL, N'PendingDropoff', N'Đăng đồ nhặt được: Sổ tay', 0, CAST(N'2026-06-26T21:54:10.2245955' AS DateTime2), NULL)
INSERT [dbo].[AuditLog] ([Id], [ActorUserId], [Action], [EntityType], [EntityId], [FromStatus], [ToStatus], [Detail], [IsPublic], [CreatedAt], [IpAddress]) VALUES (13, N'f8148f03-af79-48ba-a5c3-b4953cb49919', N'Created', N'FoundItem', N'13', NULL, N'Open', N'Đăng đồ nhặt được: Tai nghe Bluetooth', 1, CAST(N'2026-05-27T15:52:10.2245955' AS DateTime2), NULL)
INSERT [dbo].[AuditLog] ([Id], [ActorUserId], [Action], [EntityType], [EntityId], [FromStatus], [ToStatus], [Detail], [IsPublic], [CreatedAt], [IpAddress]) VALUES (14, N'99b5a892-dee1-4a3a-883e-f416fad14bc6', N'Created', N'FoundItem', N'14', NULL, N'PendingDropoff', N'Đăng đồ nhặt được: Máy tính bảng iPad', 0, CAST(N'2026-07-04T02:08:10.2245955' AS DateTime2), NULL)
INSERT [dbo].[AuditLog] ([Id], [ActorUserId], [Action], [EntityType], [EntityId], [FromStatus], [ToStatus], [Detail], [IsPublic], [CreatedAt], [IpAddress]) VALUES (15, N'b69520e7-a38a-4e8e-96d4-20dabd297cbf', N'Created', N'FoundItem', N'15', NULL, N'Open', N'Đăng đồ nhặt được: Samsung Galaxy', 1, CAST(N'2026-06-28T06:02:10.2245955' AS DateTime2), NULL)
INSERT [dbo].[AuditLog] ([Id], [ActorUserId], [Action], [EntityType], [EntityId], [FromStatus], [ToStatus], [Detail], [IsPublic], [CreatedAt], [IpAddress]) VALUES (16, N'5b3be607-bddf-4500-be13-f6501eb60f96', N'Created', N'FoundItem', N'16', NULL, N'Open', N'Đăng đồ nhặt được: Khăn choàng len', 1, CAST(N'2026-06-19T15:38:10.2245955' AS DateTime2), NULL)
INSERT [dbo].[AuditLog] ([Id], [ActorUserId], [Action], [EntityType], [EntityId], [FromStatus], [ToStatus], [Detail], [IsPublic], [CreatedAt], [IpAddress]) VALUES (17, N'643f61f6-4b5c-40fc-89eb-a5f30b040ea9', N'Created', N'FoundItem', N'17', NULL, N'PendingDropoff', N'Đăng đồ nhặt được: Chùm chìa khoá xe máy', 0, CAST(N'2026-05-30T03:37:10.2245955' AS DateTime2), NULL)
INSERT [dbo].[AuditLog] ([Id], [ActorUserId], [Action], [EntityType], [EntityId], [FromStatus], [ToStatus], [Detail], [IsPublic], [CreatedAt], [IpAddress]) VALUES (18, N'8cd3d438-f129-46a2-a8ba-44d454d541b7', N'Created', N'FoundItem', N'18', NULL, N'Open', N'Đăng đồ nhặt được: Ví da nam', 1, CAST(N'2026-05-31T23:25:10.2245955' AS DateTime2), NULL)
INSERT [dbo].[AuditLog] ([Id], [ActorUserId], [Action], [EntityType], [EntityId], [FromStatus], [ToStatus], [Detail], [IsPublic], [CreatedAt], [IpAddress]) VALUES (19, N'8cd3d438-f129-46a2-a8ba-44d454d541b7', N'Updated', N'FoundItem', N'18', NULL, NULL, N'Cập nhật bài đăng', 1, CAST(N'2026-06-02T12:25:10.2245955' AS DateTime2), NULL)
INSERT [dbo].[AuditLog] ([Id], [ActorUserId], [Action], [EntityType], [EntityId], [FromStatus], [ToStatus], [Detail], [IsPublic], [CreatedAt], [IpAddress]) VALUES (20, N'df754c46-45b7-4771-b550-893ef7a85390', N'Created', N'FoundItem', N'19', NULL, N'Open', N'Đăng đồ nhặt được: Thẻ ATM', 1, CAST(N'2026-06-23T12:39:10.2245955' AS DateTime2), NULL)
INSERT [dbo].[AuditLog] ([Id], [ActorUserId], [Action], [EntityType], [EntityId], [FromStatus], [ToStatus], [Detail], [IsPublic], [CreatedAt], [IpAddress]) VALUES (21, N'df754c46-45b7-4771-b550-893ef7a85390', N'Updated', N'FoundItem', N'19', NULL, NULL, N'Cập nhật bài đăng', 1, CAST(N'2026-06-23T23:39:10.2245955' AS DateTime2), NULL)
INSERT [dbo].[AuditLog] ([Id], [ActorUserId], [Action], [EntityType], [EntityId], [FromStatus], [ToStatus], [Detail], [IsPublic], [CreatedAt], [IpAddress]) VALUES (22, N'5b3be607-bddf-4500-be13-f6501eb60f96', N'Created', N'FoundItem', N'20', NULL, N'Open', N'Đăng đồ nhặt được: Món đồ nhỏ', 1, CAST(N'2026-07-08T00:35:10.2245955' AS DateTime2), NULL)
INSERT [dbo].[AuditLog] ([Id], [ActorUserId], [Action], [EntityType], [EntityId], [FromStatus], [ToStatus], [Detail], [IsPublic], [CreatedAt], [IpAddress]) VALUES (23, N'5b3be607-bddf-4500-be13-f6501eb60f96', N'Updated', N'FoundItem', N'20', NULL, NULL, N'Cập nhật bài đăng', 1, CAST(N'2026-07-09T19:35:10.2245955' AS DateTime2), NULL)
INSERT [dbo].[AuditLog] ([Id], [ActorUserId], [Action], [EntityType], [EntityId], [FromStatus], [ToStatus], [Detail], [IsPublic], [CreatedAt], [IpAddress]) VALUES (24, N'ab5a9ac2-181c-4481-9a66-32c79eb01727', N'Created', N'FoundItem', N'21', NULL, N'Open', N'Đăng đồ nhặt được: Chuột không dây', 1, CAST(N'2026-06-20T08:53:10.2245955' AS DateTime2), NULL)
INSERT [dbo].[AuditLog] ([Id], [ActorUserId], [Action], [EntityType], [EntityId], [FromStatus], [ToStatus], [Detail], [IsPublic], [CreatedAt], [IpAddress]) VALUES (25, N'b69520e7-a38a-4e8e-96d4-20dabd297cbf', N'Created', N'FoundItem', N'22', NULL, N'Open', N'Đăng đồ nhặt được: Món đồ nhỏ', 1, CAST(N'2026-06-29T12:59:10.2245955' AS DateTime2), NULL)
INSERT [dbo].[AuditLog] ([Id], [ActorUserId], [Action], [EntityType], [EntityId], [FromStatus], [ToStatus], [Detail], [IsPublic], [CreatedAt], [IpAddress]) VALUES (26, N'5b3be607-bddf-4500-be13-f6501eb60f96', N'Created', N'FoundItem', N'23', NULL, N'Open', N'Đăng đồ nhặt được: iPhone 13', 1, CAST(N'2026-05-31T23:42:10.2245955' AS DateTime2), NULL)
INSERT [dbo].[AuditLog] ([Id], [ActorUserId], [Action], [EntityType], [EntityId], [FromStatus], [ToStatus], [Detail], [IsPublic], [CreatedAt], [IpAddress]) VALUES (27, N'99b5a892-dee1-4a3a-883e-f416fad14bc6', N'Created', N'FoundItem', N'24', NULL, N'Open', N'Đăng đồ nhặt được: CCCD gắn chip', 1, CAST(N'2026-06-10T21:35:10.2245955' AS DateTime2), NULL)
INSERT [dbo].[AuditLog] ([Id], [ActorUserId], [Action], [EntityType], [EntityId], [FromStatus], [ToStatus], [Detail], [IsPublic], [CreatedAt], [IpAddress]) VALUES (28, N'b69520e7-a38a-4e8e-96d4-20dabd297cbf', N'Created', N'FoundItem', N'25', NULL, N'Open', N'Đăng đồ nhặt được: Mũ bảo hiểm', 1, CAST(N'2026-07-07T05:03:10.2245955' AS DateTime2), NULL)
INSERT [dbo].[AuditLog] ([Id], [ActorUserId], [Action], [EntityType], [EntityId], [FromStatus], [ToStatus], [Detail], [IsPublic], [CreatedAt], [IpAddress]) VALUES (29, N'df754c46-45b7-4771-b550-893ef7a85390', N'Created', N'FoundItem', N'26', NULL, N'Open', N'Đăng đồ nhặt được: Thẻ ATM', 1, CAST(N'2026-06-24T03:03:10.2245955' AS DateTime2), NULL)
INSERT [dbo].[AuditLog] ([Id], [ActorUserId], [Action], [EntityType], [EntityId], [FromStatus], [ToStatus], [Detail], [IsPublic], [CreatedAt], [IpAddress]) VALUES (30, N'99b5a892-dee1-4a3a-883e-f416fad14bc6', N'Created', N'FoundItem', N'27', NULL, N'Open', N'Đăng đồ nhặt được: Thẻ ATM', 1, CAST(N'2026-05-25T23:59:10.2245955' AS DateTime2), NULL)
INSERT [dbo].[AuditLog] ([Id], [ActorUserId], [Action], [EntityType], [EntityId], [FromStatus], [ToStatus], [Detail], [IsPublic], [CreatedAt], [IpAddress]) VALUES (31, N'5b3be607-bddf-4500-be13-f6501eb60f96', N'Created', N'FoundItem', N'28', NULL, N'Open', N'Đăng đồ nhặt được: Thẻ ATM', 1, CAST(N'2026-07-09T02:13:10.2245955' AS DateTime2), NULL)
INSERT [dbo].[AuditLog] ([Id], [ActorUserId], [Action], [EntityType], [EntityId], [FromStatus], [ToStatus], [Detail], [IsPublic], [CreatedAt], [IpAddress]) VALUES (32, N'643f61f6-4b5c-40fc-89eb-a5f30b040ea9', N'Created', N'FoundItem', N'29', NULL, N'PendingDropoff', N'Đăng đồ nhặt được: Bình giữ nhiệt', 0, CAST(N'2026-07-11T04:26:10.2245955' AS DateTime2), NULL)
INSERT [dbo].[AuditLog] ([Id], [ActorUserId], [Action], [EntityType], [EntityId], [FromStatus], [ToStatus], [Detail], [IsPublic], [CreatedAt], [IpAddress]) VALUES (33, N'8cd3d438-f129-46a2-a8ba-44d454d541b7', N'Created', N'FoundItem', N'30', NULL, N'Open', N'Đăng đồ nhặt được: Laptop Dell', 1, CAST(N'2026-06-05T01:54:10.2245955' AS DateTime2), NULL)
INSERT [dbo].[AuditLog] ([Id], [ActorUserId], [Action], [EntityType], [EntityId], [FromStatus], [ToStatus], [Detail], [IsPublic], [CreatedAt], [IpAddress]) VALUES (34, N'2101af1e-bd9c-4d7d-aa92-40fae6538117', N'Created', N'FoundItem', N'31', NULL, N'Open', N'Đăng đồ nhặt được: Túi xách nữ', 1, CAST(N'2026-05-24T04:16:10.2245955' AS DateTime2), NULL)
INSERT [dbo].[AuditLog] ([Id], [ActorUserId], [Action], [EntityType], [EntityId], [FromStatus], [ToStatus], [Detail], [IsPublic], [CreatedAt], [IpAddress]) VALUES (35, N'5b3be607-bddf-4500-be13-f6501eb60f96', N'Created', N'FoundItem', N'32', NULL, N'PendingDropoff', N'Đăng đồ nhặt được: Món đồ nhỏ', 0, CAST(N'2026-06-17T02:22:10.2245955' AS DateTime2), NULL)
INSERT [dbo].[AuditLog] ([Id], [ActorUserId], [Action], [EntityType], [EntityId], [FromStatus], [ToStatus], [Detail], [IsPublic], [CreatedAt], [IpAddress]) VALUES (36, N'2101af1e-bd9c-4d7d-aa92-40fae6538117', N'Created', N'FoundItem', N'33', NULL, N'Open', N'Đăng đồ nhặt được: Túi xách nữ', 1, CAST(N'2026-06-10T19:23:10.2245955' AS DateTime2), NULL)
INSERT [dbo].[AuditLog] ([Id], [ActorUserId], [Action], [EntityType], [EntityId], [FromStatus], [ToStatus], [Detail], [IsPublic], [CreatedAt], [IpAddress]) VALUES (37, N'826e7014-bd04-4b35-a545-5395a53b1d44', N'Created', N'FoundItem', N'34', NULL, N'Open', N'Đăng đồ nhặt được: Món đồ nhỏ', 1, CAST(N'2026-06-24T00:24:10.2245955' AS DateTime2), NULL)
INSERT [dbo].[AuditLog] ([Id], [ActorUserId], [Action], [EntityType], [EntityId], [FromStatus], [ToStatus], [Detail], [IsPublic], [CreatedAt], [IpAddress]) VALUES (38, N'2ceaa0f0-cb00-468f-a11d-8f8a4846f42c', N'Created', N'FoundItem', N'35', NULL, N'PendingDropoff', N'Đăng đồ nhặt được: Bằng lái xe A1', 0, CAST(N'2026-06-04T10:08:10.2245955' AS DateTime2), NULL)
INSERT [dbo].[AuditLog] ([Id], [ActorUserId], [Action], [EntityType], [EntityId], [FromStatus], [ToStatus], [Detail], [IsPublic], [CreatedAt], [IpAddress]) VALUES (39, N'ab5a9ac2-181c-4481-9a66-32c79eb01727', N'Created', N'FoundItem', N'36', NULL, N'Open', N'Đăng đồ nhặt được: Máy tính bảng iPad', 1, CAST(N'2026-07-07T16:45:10.2245955' AS DateTime2), NULL)
INSERT [dbo].[AuditLog] ([Id], [ActorUserId], [Action], [EntityType], [EntityId], [FromStatus], [ToStatus], [Detail], [IsPublic], [CreatedAt], [IpAddress]) VALUES (40, N'2ceaa0f0-cb00-468f-a11d-8f8a4846f42c', N'Created', N'FoundItem', N'37', NULL, N'Open', N'Đăng đồ nhặt được: Chùm chìa khoá xe máy', 1, CAST(N'2026-06-16T07:46:10.2245955' AS DateTime2), NULL)
INSERT [dbo].[AuditLog] ([Id], [ActorUserId], [Action], [EntityType], [EntityId], [FromStatus], [ToStatus], [Detail], [IsPublic], [CreatedAt], [IpAddress]) VALUES (41, N'a211edff-8072-43c6-b5c7-127e863d94a6', N'Created', N'FoundItem', N'38', NULL, N'Open', N'Đăng đồ nhặt được: Kính cận gọng nhựa', 1, CAST(N'2026-06-04T09:25:10.2245955' AS DateTime2), NULL)
INSERT [dbo].[AuditLog] ([Id], [ActorUserId], [Action], [EntityType], [EntityId], [FromStatus], [ToStatus], [Detail], [IsPublic], [CreatedAt], [IpAddress]) VALUES (42, N'c5bd4ae5-9dbe-4126-b596-80cdd5718eee', N'Created', N'FoundItem', N'39', NULL, N'Open', N'Đăng đồ nhặt được: Laptop Dell', 1, CAST(N'2026-05-28T01:59:10.2245955' AS DateTime2), NULL)
INSERT [dbo].[AuditLog] ([Id], [ActorUserId], [Action], [EntityType], [EntityId], [FromStatus], [ToStatus], [Detail], [IsPublic], [CreatedAt], [IpAddress]) VALUES (43, N'c5bd4ae5-9dbe-4126-b596-80cdd5718eee', N'Updated', N'FoundItem', N'39', NULL, NULL, N'Cập nhật bài đăng', 1, CAST(N'2026-05-28T17:59:10.2245955' AS DateTime2), NULL)
INSERT [dbo].[AuditLog] ([Id], [ActorUserId], [Action], [EntityType], [EntityId], [FromStatus], [ToStatus], [Detail], [IsPublic], [CreatedAt], [IpAddress]) VALUES (44, N'df754c46-45b7-4771-b550-893ef7a85390', N'Created', N'FoundItem', N'40', NULL, N'PendingDropoff', N'Đăng đồ nhặt được: Món đồ nhỏ', 0, CAST(N'2026-06-14T23:15:10.2245955' AS DateTime2), NULL)
INSERT [dbo].[AuditLog] ([Id], [ActorUserId], [Action], [EntityType], [EntityId], [FromStatus], [ToStatus], [Detail], [IsPublic], [CreatedAt], [IpAddress]) VALUES (45, N'df754c46-45b7-4771-b550-893ef7a85390', N'Updated', N'FoundItem', N'40', NULL, NULL, N'Cập nhật bài đăng', 1, CAST(N'2026-06-16T01:15:10.2245955' AS DateTime2), NULL)
INSERT [dbo].[AuditLog] ([Id], [ActorUserId], [Action], [EntityType], [EntityId], [FromStatus], [ToStatus], [Detail], [IsPublic], [CreatedAt], [IpAddress]) VALUES (46, N'df754c46-45b7-4771-b550-893ef7a85390', N'Created', N'FoundItem', N'41', NULL, N'PendingDropoff', N'Đăng đồ nhặt được: Túi xách nữ', 0, CAST(N'2026-05-26T09:15:10.2245955' AS DateTime2), NULL)
INSERT [dbo].[AuditLog] ([Id], [ActorUserId], [Action], [EntityType], [EntityId], [FromStatus], [ToStatus], [Detail], [IsPublic], [CreatedAt], [IpAddress]) VALUES (47, N'fdd8a67b-d384-4698-aac0-baa276e40c6c', N'Created', N'FoundItem', N'42', NULL, N'Open', N'Đăng đồ nhặt được: Máy tính bảng iPad', 1, CAST(N'2026-05-18T02:44:10.2245955' AS DateTime2), NULL)
INSERT [dbo].[AuditLog] ([Id], [ActorUserId], [Action], [EntityType], [EntityId], [FromStatus], [ToStatus], [Detail], [IsPublic], [CreatedAt], [IpAddress]) VALUES (48, N'fdd8a67b-d384-4698-aac0-baa276e40c6c', N'Updated', N'FoundItem', N'42', NULL, NULL, N'Cập nhật bài đăng', 1, CAST(N'2026-05-18T08:44:10.2245955' AS DateTime2), NULL)
INSERT [dbo].[AuditLog] ([Id], [ActorUserId], [Action], [EntityType], [EntityId], [FromStatus], [ToStatus], [Detail], [IsPublic], [CreatedAt], [IpAddress]) VALUES (49, N'5d81a090-d2f4-4c6a-9bbe-20869bd5b4f7', N'Created', N'FoundItem', N'43', NULL, N'Open', N'Đăng đồ nhặt được: Món đồ nhỏ', 1, CAST(N'2026-06-01T20:18:10.2245955' AS DateTime2), NULL)
INSERT [dbo].[AuditLog] ([Id], [ActorUserId], [Action], [EntityType], [EntityId], [FromStatus], [ToStatus], [Detail], [IsPublic], [CreatedAt], [IpAddress]) VALUES (50, N'99b5a892-dee1-4a3a-883e-f416fad14bc6', N'Created', N'FoundItem', N'44', NULL, N'Open', N'Đăng đồ nhặt được: Chùm chìa khoá xe máy', 1, CAST(N'2026-07-10T22:30:10.2245955' AS DateTime2), NULL)
INSERT [dbo].[AuditLog] ([Id], [ActorUserId], [Action], [EntityType], [EntityId], [FromStatus], [ToStatus], [Detail], [IsPublic], [CreatedAt], [IpAddress]) VALUES (51, N'a211edff-8072-43c6-b5c7-127e863d94a6', N'Created', N'FoundItem', N'45', NULL, N'Open', N'Đăng đồ nhặt được: Kính cận gọng nhựa', 1, CAST(N'2026-05-18T21:47:10.2245955' AS DateTime2), NULL)
INSERT [dbo].[AuditLog] ([Id], [ActorUserId], [Action], [EntityType], [EntityId], [FromStatus], [ToStatus], [Detail], [IsPublic], [CreatedAt], [IpAddress]) VALUES (52, N'a211edff-8072-43c6-b5c7-127e863d94a6', N'Updated', N'FoundItem', N'45', NULL, NULL, N'Cập nhật bài đăng', 1, CAST(N'2026-05-20T16:47:10.2245955' AS DateTime2), NULL)
INSERT [dbo].[AuditLog] ([Id], [ActorUserId], [Action], [EntityType], [EntityId], [FromStatus], [ToStatus], [Detail], [IsPublic], [CreatedAt], [IpAddress]) VALUES (53, N'5944c50f-c625-4ac0-badb-4357a195f96e', N'Created', N'FoundItem', N'46', NULL, N'Open', N'Đăng đồ nhặt được: Samsung Galaxy', 1, CAST(N'2026-05-24T03:21:10.2245955' AS DateTime2), NULL)
INSERT [dbo].[AuditLog] ([Id], [ActorUserId], [Action], [EntityType], [EntityId], [FromStatus], [ToStatus], [Detail], [IsPublic], [CreatedAt], [IpAddress]) VALUES (54, N'2ceaa0f0-cb00-468f-a11d-8f8a4846f42c', N'Created', N'FoundItem', N'47', NULL, N'Open', N'Đăng đồ nhặt được: Sạc dự phòng', 1, CAST(N'2026-05-28T05:31:10.2245955' AS DateTime2), NULL)
INSERT [dbo].[AuditLog] ([Id], [ActorUserId], [Action], [EntityType], [EntityId], [FromStatus], [ToStatus], [Detail], [IsPublic], [CreatedAt], [IpAddress]) VALUES (55, N'5944c50f-c625-4ac0-badb-4357a195f96e', N'Created', N'FoundItem', N'48', NULL, N'Open', N'Đăng đồ nhặt được: Thẻ sinh viên', 1, CAST(N'2026-06-19T19:17:10.2245955' AS DateTime2), NULL)
INSERT [dbo].[AuditLog] ([Id], [ActorUserId], [Action], [EntityType], [EntityId], [FromStatus], [ToStatus], [Detail], [IsPublic], [CreatedAt], [IpAddress]) VALUES (56, N'e726eb22-f69e-4653-9d86-ddd6666ef28b', N'Created', N'FoundItem', N'49', NULL, N'Open', N'Đăng đồ nhặt được: Ví da nam', 1, CAST(N'2026-05-16T18:55:10.2245955' AS DateTime2), NULL)
INSERT [dbo].[AuditLog] ([Id], [ActorUserId], [Action], [EntityType], [EntityId], [FromStatus], [ToStatus], [Detail], [IsPublic], [CreatedAt], [IpAddress]) VALUES (57, N'e726eb22-f69e-4653-9d86-ddd6666ef28b', N'Updated', N'FoundItem', N'49', NULL, NULL, N'Cập nhật bài đăng', 1, CAST(N'2026-05-17T21:55:10.2245955' AS DateTime2), NULL)
INSERT [dbo].[AuditLog] ([Id], [ActorUserId], [Action], [EntityType], [EntityId], [FromStatus], [ToStatus], [Detail], [IsPublic], [CreatedAt], [IpAddress]) VALUES (58, N'caaf0ff3-db0f-479d-8865-042b004ebfae', N'Created', N'FoundItem', N'50', NULL, N'Open', N'Đăng đồ nhặt được: Chuột không dây', 1, CAST(N'2026-06-30T15:07:10.2245955' AS DateTime2), NULL)
INSERT [dbo].[AuditLog] ([Id], [ActorUserId], [Action], [EntityType], [EntityId], [FromStatus], [ToStatus], [Detail], [IsPublic], [CreatedAt], [IpAddress]) VALUES (59, N'caaf0ff3-db0f-479d-8865-042b004ebfae', N'Updated', N'FoundItem', N'50', NULL, NULL, N'Cập nhật bài đăng', 1, CAST(N'2026-07-01T05:07:10.2245955' AS DateTime2), NULL)
INSERT [dbo].[AuditLog] ([Id], [ActorUserId], [Action], [EntityType], [EntityId], [FromStatus], [ToStatus], [Detail], [IsPublic], [CreatedAt], [IpAddress]) VALUES (60, N'5d81a090-d2f4-4c6a-9bbe-20869bd5b4f7', N'Created', N'FoundItem', N'51', NULL, N'Open', N'Đăng đồ nhặt được: Mũ bảo hiểm', 1, CAST(N'2026-05-31T11:10:10.2245955' AS DateTime2), NULL)
INSERT [dbo].[AuditLog] ([Id], [ActorUserId], [Action], [EntityType], [EntityId], [FromStatus], [ToStatus], [Detail], [IsPublic], [CreatedAt], [IpAddress]) VALUES (61, N'5d81a090-d2f4-4c6a-9bbe-20869bd5b4f7', N'Updated', N'FoundItem', N'51', NULL, NULL, N'Cập nhật bài đăng', 1, CAST(N'2026-05-31T17:10:10.2245955' AS DateTime2), NULL)
INSERT [dbo].[AuditLog] ([Id], [ActorUserId], [Action], [EntityType], [EntityId], [FromStatus], [ToStatus], [Detail], [IsPublic], [CreatedAt], [IpAddress]) VALUES (62, N'5944c50f-c625-4ac0-badb-4357a195f96e', N'Created', N'FoundItem', N'52', NULL, N'Open', N'Đăng đồ nhặt được: Thẻ ATM', 1, CAST(N'2026-05-30T03:22:10.2245955' AS DateTime2), NULL)
INSERT [dbo].[AuditLog] ([Id], [ActorUserId], [Action], [EntityType], [EntityId], [FromStatus], [ToStatus], [Detail], [IsPublic], [CreatedAt], [IpAddress]) VALUES (63, N'5944c50f-c625-4ac0-badb-4357a195f96e', N'Updated', N'FoundItem', N'52', NULL, NULL, N'Cập nhật bài đăng', 1, CAST(N'2026-05-31T22:22:10.2245955' AS DateTime2), NULL)
INSERT [dbo].[AuditLog] ([Id], [ActorUserId], [Action], [EntityType], [EntityId], [FromStatus], [ToStatus], [Detail], [IsPublic], [CreatedAt], [IpAddress]) VALUES (64, N'8cd3d438-f129-46a2-a8ba-44d454d541b7', N'Created', N'FoundItem', N'53', NULL, N'Open', N'Đăng đồ nhặt được: Chùm chìa khoá xe máy', 1, CAST(N'2026-06-07T00:39:10.2245955' AS DateTime2), NULL)
INSERT [dbo].[AuditLog] ([Id], [ActorUserId], [Action], [EntityType], [EntityId], [FromStatus], [ToStatus], [Detail], [IsPublic], [CreatedAt], [IpAddress]) VALUES (65, N'caaf0ff3-db0f-479d-8865-042b004ebfae', N'Created', N'FoundItem', N'54', NULL, N'Open', N'Đăng đồ nhặt được: Sổ tay', 1, CAST(N'2026-06-24T13:29:10.2245955' AS DateTime2), NULL)
INSERT [dbo].[AuditLog] ([Id], [ActorUserId], [Action], [EntityType], [EntityId], [FromStatus], [ToStatus], [Detail], [IsPublic], [CreatedAt], [IpAddress]) VALUES (66, N'f8148f03-af79-48ba-a5c3-b4953cb49919', N'Created', N'FoundItem', N'55', NULL, N'Open', N'Đăng đồ nhặt được: Bằng lái xe A1', 1, CAST(N'2026-05-30T09:26:10.2245955' AS DateTime2), NULL)
INSERT [dbo].[AuditLog] ([Id], [ActorUserId], [Action], [EntityType], [EntityId], [FromStatus], [ToStatus], [Detail], [IsPublic], [CreatedAt], [IpAddress]) VALUES (67, N'b69520e7-a38a-4e8e-96d4-20dabd297cbf', N'Created', N'FoundItem', N'56', NULL, N'Open', N'Đăng đồ nhặt được: Sạc dự phòng', 1, CAST(N'2026-06-10T01:23:10.2245955' AS DateTime2), NULL)
INSERT [dbo].[AuditLog] ([Id], [ActorUserId], [Action], [EntityType], [EntityId], [FromStatus], [ToStatus], [Detail], [IsPublic], [CreatedAt], [IpAddress]) VALUES (68, N'b69520e7-a38a-4e8e-96d4-20dabd297cbf', N'Updated', N'FoundItem', N'56', NULL, NULL, N'Cập nhật bài đăng', 1, CAST(N'2026-06-11T04:23:10.2245955' AS DateTime2), NULL)
INSERT [dbo].[AuditLog] ([Id], [ActorUserId], [Action], [EntityType], [EntityId], [FromStatus], [ToStatus], [Detail], [IsPublic], [CreatedAt], [IpAddress]) VALUES (69, N'c5bd4ae5-9dbe-4126-b596-80cdd5718eee', N'Created', N'FoundItem', N'57', NULL, N'PendingDropoff', N'Đăng đồ nhặt được: Máy tính bảng iPad', 0, CAST(N'2026-05-15T10:50:10.2245955' AS DateTime2), NULL)
INSERT [dbo].[AuditLog] ([Id], [ActorUserId], [Action], [EntityType], [EntityId], [FromStatus], [ToStatus], [Detail], [IsPublic], [CreatedAt], [IpAddress]) VALUES (70, N'c5bd4ae5-9dbe-4126-b596-80cdd5718eee', N'Updated', N'FoundItem', N'57', NULL, NULL, N'Cập nhật bài đăng', 1, CAST(N'2026-05-15T13:50:10.2245955' AS DateTime2), NULL)
INSERT [dbo].[AuditLog] ([Id], [ActorUserId], [Action], [EntityType], [EntityId], [FromStatus], [ToStatus], [Detail], [IsPublic], [CreatedAt], [IpAddress]) VALUES (71, N'c5bd4ae5-9dbe-4126-b596-80cdd5718eee', N'Created', N'FoundItem', N'58', NULL, N'Open', N'Đăng đồ nhặt được: Ô gấp', 1, CAST(N'2026-06-01T17:45:10.2245955' AS DateTime2), NULL)
INSERT [dbo].[AuditLog] ([Id], [ActorUserId], [Action], [EntityType], [EntityId], [FromStatus], [ToStatus], [Detail], [IsPublic], [CreatedAt], [IpAddress]) VALUES (72, N'c5bd4ae5-9dbe-4126-b596-80cdd5718eee', N'Updated', N'FoundItem', N'58', NULL, NULL, N'Cập nhật bài đăng', 1, CAST(N'2026-06-02T19:45:10.2245955' AS DateTime2), NULL)
INSERT [dbo].[AuditLog] ([Id], [ActorUserId], [Action], [EntityType], [EntityId], [FromStatus], [ToStatus], [Detail], [IsPublic], [CreatedAt], [IpAddress]) VALUES (73, N'a211edff-8072-43c6-b5c7-127e863d94a6', N'Created', N'FoundItem', N'59', NULL, N'PendingDropoff', N'Đăng đồ nhặt được: Apple Watch', 0, CAST(N'2026-06-04T01:11:10.2245955' AS DateTime2), NULL)
INSERT [dbo].[AuditLog] ([Id], [ActorUserId], [Action], [EntityType], [EntityId], [FromStatus], [ToStatus], [Detail], [IsPublic], [CreatedAt], [IpAddress]) VALUES (74, N'ab5a9ac2-181c-4481-9a66-32c79eb01727', N'Created', N'FoundItem', N'60', NULL, N'Open', N'Đăng đồ nhặt được: Ô gấp', 1, CAST(N'2026-07-02T10:04:10.2245955' AS DateTime2), NULL)
INSERT [dbo].[AuditLog] ([Id], [ActorUserId], [Action], [EntityType], [EntityId], [FromStatus], [ToStatus], [Detail], [IsPublic], [CreatedAt], [IpAddress]) VALUES (75, N'fdd8a67b-d384-4698-aac0-baa276e40c6c', N'Created', N'FoundItem', N'61', NULL, N'Open', N'Đăng đồ nhặt được: Laptop Dell', 1, CAST(N'2026-06-29T19:35:10.2245955' AS DateTime2), NULL)
INSERT [dbo].[AuditLog] ([Id], [ActorUserId], [Action], [EntityType], [EntityId], [FromStatus], [ToStatus], [Detail], [IsPublic], [CreatedAt], [IpAddress]) VALUES (76, N'df754c46-45b7-4771-b550-893ef7a85390', N'Created', N'FoundItem', N'62', NULL, N'Open', N'Đăng đồ nhặt được: iPhone 13', 1, CAST(N'2026-07-11T03:44:10.2245955' AS DateTime2), NULL)
INSERT [dbo].[AuditLog] ([Id], [ActorUserId], [Action], [EntityType], [EntityId], [FromStatus], [ToStatus], [Detail], [IsPublic], [CreatedAt], [IpAddress]) VALUES (77, N'df754c46-45b7-4771-b550-893ef7a85390', N'Updated', N'FoundItem', N'62', NULL, NULL, N'Cập nhật bài đăng', 1, CAST(N'2026-07-12T18:44:10.2245955' AS DateTime2), NULL)
INSERT [dbo].[AuditLog] ([Id], [ActorUserId], [Action], [EntityType], [EntityId], [FromStatus], [ToStatus], [Detail], [IsPublic], [CreatedAt], [IpAddress]) VALUES (78, N'5b3be607-bddf-4500-be13-f6501eb60f96', N'Created', N'FoundItem', N'63', NULL, N'Open', N'Đăng đồ nhặt được: Chuột không dây', 1, CAST(N'2026-06-18T21:44:10.2245955' AS DateTime2), NULL)
INSERT [dbo].[AuditLog] ([Id], [ActorUserId], [Action], [EntityType], [EntityId], [FromStatus], [ToStatus], [Detail], [IsPublic], [CreatedAt], [IpAddress]) VALUES (79, N'5b3be607-bddf-4500-be13-f6501eb60f96', N'Created', N'FoundItem', N'64', NULL, N'Open', N'Đăng đồ nhặt được: Ô gấp', 1, CAST(N'2026-07-06T06:08:10.2245955' AS DateTime2), NULL)
INSERT [dbo].[AuditLog] ([Id], [ActorUserId], [Action], [EntityType], [EntityId], [FromStatus], [ToStatus], [Detail], [IsPublic], [CreatedAt], [IpAddress]) VALUES (80, N'fdd8a67b-d384-4698-aac0-baa276e40c6c', N'Created', N'FoundItem', N'65', NULL, N'Open', N'Đăng đồ nhặt được: Bằng lái xe A1', 1, CAST(N'2026-07-05T10:49:10.2245955' AS DateTime2), NULL)
INSERT [dbo].[AuditLog] ([Id], [ActorUserId], [Action], [EntityType], [EntityId], [FromStatus], [ToStatus], [Detail], [IsPublic], [CreatedAt], [IpAddress]) VALUES (81, N'2ceaa0f0-cb00-468f-a11d-8f8a4846f42c', N'Created', N'FoundItem', N'66', NULL, N'Open', N'Đăng đồ nhặt được: Đồng hồ đeo tay', 1, CAST(N'2026-06-17T05:46:10.2245955' AS DateTime2), NULL)
INSERT [dbo].[AuditLog] ([Id], [ActorUserId], [Action], [EntityType], [EntityId], [FromStatus], [ToStatus], [Detail], [IsPublic], [CreatedAt], [IpAddress]) VALUES (82, N'df754c46-45b7-4771-b550-893ef7a85390', N'Created', N'FoundItem', N'67', NULL, N'Open', N'Đăng đồ nhặt được: Samsung Galaxy', 1, CAST(N'2026-06-01T04:47:10.2245955' AS DateTime2), NULL)
INSERT [dbo].[AuditLog] ([Id], [ActorUserId], [Action], [EntityType], [EntityId], [FromStatus], [ToStatus], [Detail], [IsPublic], [CreatedAt], [IpAddress]) VALUES (83, N'8cd3d438-f129-46a2-a8ba-44d454d541b7', N'Created', N'FoundItem', N'68', NULL, N'PendingDropoff', N'Đăng đồ nhặt được: Máy tính bảng iPad', 0, CAST(N'2026-06-14T02:08:10.2245955' AS DateTime2), NULL)
INSERT [dbo].[AuditLog] ([Id], [ActorUserId], [Action], [EntityType], [EntityId], [FromStatus], [ToStatus], [Detail], [IsPublic], [CreatedAt], [IpAddress]) VALUES (84, N'ab5a9ac2-181c-4481-9a66-32c79eb01727', N'Created', N'FoundItem', N'69', NULL, N'Open', N'Đăng đồ nhặt được: Kính cận gọng nhựa', 1, CAST(N'2026-06-11T19:27:10.2245955' AS DateTime2), NULL)
INSERT [dbo].[AuditLog] ([Id], [ActorUserId], [Action], [EntityType], [EntityId], [FromStatus], [ToStatus], [Detail], [IsPublic], [CreatedAt], [IpAddress]) VALUES (85, N'ab5a9ac2-181c-4481-9a66-32c79eb01727', N'Updated', N'FoundItem', N'69', NULL, NULL, N'Cập nhật bài đăng', 1, CAST(N'2026-06-13T01:27:10.2245955' AS DateTime2), NULL)
INSERT [dbo].[AuditLog] ([Id], [ActorUserId], [Action], [EntityType], [EntityId], [FromStatus], [ToStatus], [Detail], [IsPublic], [CreatedAt], [IpAddress]) VALUES (86, N'b69520e7-a38a-4e8e-96d4-20dabd297cbf', N'Created', N'FoundItem', N'70', NULL, N'Open', N'Đăng đồ nhặt được: Máy tính bảng iPad', 1, CAST(N'2026-07-12T03:24:10.2245955' AS DateTime2), NULL)
INSERT [dbo].[AuditLog] ([Id], [ActorUserId], [Action], [EntityType], [EntityId], [FromStatus], [ToStatus], [Detail], [IsPublic], [CreatedAt], [IpAddress]) VALUES (87, N'b69520e7-a38a-4e8e-96d4-20dabd297cbf', N'Updated', N'FoundItem', N'70', NULL, NULL, N'Cập nhật bài đăng', 1, CAST(N'2026-07-13T23:24:10.2245955' AS DateTime2), NULL)
INSERT [dbo].[AuditLog] ([Id], [ActorUserId], [Action], [EntityType], [EntityId], [FromStatus], [ToStatus], [Detail], [IsPublic], [CreatedAt], [IpAddress]) VALUES (88, N'643f61f6-4b5c-40fc-89eb-a5f30b040ea9', N'Created', N'FoundItem', N'71', NULL, N'Open', N'Đăng đồ nhặt được: Chuột không dây', 1, CAST(N'2026-05-22T18:48:10.2245955' AS DateTime2), NULL)
INSERT [dbo].[AuditLog] ([Id], [ActorUserId], [Action], [EntityType], [EntityId], [FromStatus], [ToStatus], [Detail], [IsPublic], [CreatedAt], [IpAddress]) VALUES (89, N'643f61f6-4b5c-40fc-89eb-a5f30b040ea9', N'Updated', N'FoundItem', N'71', NULL, NULL, N'Cập nhật bài đăng', 1, CAST(N'2026-05-24T16:48:10.2245955' AS DateTime2), NULL)
INSERT [dbo].[AuditLog] ([Id], [ActorUserId], [Action], [EntityType], [EntityId], [FromStatus], [ToStatus], [Detail], [IsPublic], [CreatedAt], [IpAddress]) VALUES (90, N'a211edff-8072-43c6-b5c7-127e863d94a6', N'Created', N'FoundItem', N'72', NULL, N'Open', N'Đăng đồ nhặt được: Sổ tay', 1, CAST(N'2026-06-17T20:13:10.2245955' AS DateTime2), NULL)
INSERT [dbo].[AuditLog] ([Id], [ActorUserId], [Action], [EntityType], [EntityId], [FromStatus], [ToStatus], [Detail], [IsPublic], [CreatedAt], [IpAddress]) VALUES (91, N'643f61f6-4b5c-40fc-89eb-a5f30b040ea9', N'Created', N'FoundItem', N'73', NULL, N'Open', N'Đăng đồ nhặt được: Thẻ sinh viên', 1, CAST(N'2026-05-18T02:50:10.2245955' AS DateTime2), NULL)
INSERT [dbo].[AuditLog] ([Id], [ActorUserId], [Action], [EntityType], [EntityId], [FromStatus], [ToStatus], [Detail], [IsPublic], [CreatedAt], [IpAddress]) VALUES (92, N'643f61f6-4b5c-40fc-89eb-a5f30b040ea9', N'Updated', N'FoundItem', N'73', NULL, NULL, N'Cập nhật bài đăng', 1, CAST(N'2026-05-19T20:50:10.2245955' AS DateTime2), NULL)
INSERT [dbo].[AuditLog] ([Id], [ActorUserId], [Action], [EntityType], [EntityId], [FromStatus], [ToStatus], [Detail], [IsPublic], [CreatedAt], [IpAddress]) VALUES (93, N'ab5a9ac2-181c-4481-9a66-32c79eb01727', N'Created', N'FoundItem', N'74', NULL, N'Open', N'Đăng đồ nhặt được: Kính cận gọng nhựa', 1, CAST(N'2026-05-29T13:24:10.2245955' AS DateTime2), NULL)
INSERT [dbo].[AuditLog] ([Id], [ActorUserId], [Action], [EntityType], [EntityId], [FromStatus], [ToStatus], [Detail], [IsPublic], [CreatedAt], [IpAddress]) VALUES (94, N'e726eb22-f69e-4653-9d86-ddd6666ef28b', N'Created', N'FoundItem', N'75', NULL, N'Open', N'Đăng đồ nhặt được: Tai nghe Bluetooth', 1, CAST(N'2026-06-27T14:32:10.2245955' AS DateTime2), NULL)
INSERT [dbo].[AuditLog] ([Id], [ActorUserId], [Action], [EntityType], [EntityId], [FromStatus], [ToStatus], [Detail], [IsPublic], [CreatedAt], [IpAddress]) VALUES (95, N'e726eb22-f69e-4653-9d86-ddd6666ef28b', N'Updated', N'FoundItem', N'75', NULL, NULL, N'Cập nhật bài đăng', 1, CAST(N'2026-06-28T05:32:10.2245955' AS DateTime2), NULL)
INSERT [dbo].[AuditLog] ([Id], [ActorUserId], [Action], [EntityType], [EntityId], [FromStatus], [ToStatus], [Detail], [IsPublic], [CreatedAt], [IpAddress]) VALUES (96, N'ab5a9ac2-181c-4481-9a66-32c79eb01727', N'Created', N'FoundItem', N'76', NULL, N'Open', N'Đăng đồ nhặt được: Sổ tay', 1, CAST(N'2026-05-30T15:20:10.2245955' AS DateTime2), NULL)
INSERT [dbo].[AuditLog] ([Id], [ActorUserId], [Action], [EntityType], [EntityId], [FromStatus], [ToStatus], [Detail], [IsPublic], [CreatedAt], [IpAddress]) VALUES (97, N'8cd3d438-f129-46a2-a8ba-44d454d541b7', N'Created', N'FoundItem', N'77', NULL, N'Open', N'Đăng đồ nhặt được: Món đồ nhỏ', 1, CAST(N'2026-07-05T13:50:10.2245955' AS DateTime2), NULL)
INSERT [dbo].[AuditLog] ([Id], [ActorUserId], [Action], [EntityType], [EntityId], [FromStatus], [ToStatus], [Detail], [IsPublic], [CreatedAt], [IpAddress]) VALUES (98, N'8cd3d438-f129-46a2-a8ba-44d454d541b7', N'Updated', N'FoundItem', N'77', NULL, NULL, N'Cập nhật bài đăng', 1, CAST(N'2026-07-06T16:50:10.2245955' AS DateTime2), NULL)
INSERT [dbo].[AuditLog] ([Id], [ActorUserId], [Action], [EntityType], [EntityId], [FromStatus], [ToStatus], [Detail], [IsPublic], [CreatedAt], [IpAddress]) VALUES (99, N'f3ecf69f-fb2f-4da7-9fc0-719f0c61a329', N'Created', N'FoundItem', N'78', NULL, N'Open', N'Đăng đồ nhặt được: Mũ bảo hiểm', 1, CAST(N'2026-05-31T11:54:10.2245955' AS DateTime2), NULL)
INSERT [dbo].[AuditLog] ([Id], [ActorUserId], [Action], [EntityType], [EntityId], [FromStatus], [ToStatus], [Detail], [IsPublic], [CreatedAt], [IpAddress]) VALUES (100, N'5b3be607-bddf-4500-be13-f6501eb60f96', N'Created', N'FoundItem', N'79', NULL, N'Open', N'Đăng đồ nhặt được: Chùm chìa khoá xe máy', 1, CAST(N'2026-05-15T09:00:10.2245955' AS DateTime2), NULL)
INSERT [dbo].[AuditLog] ([Id], [ActorUserId], [Action], [EntityType], [EntityId], [FromStatus], [ToStatus], [Detail], [IsPublic], [CreatedAt], [IpAddress]) VALUES (101, N'5b3be607-bddf-4500-be13-f6501eb60f96', N'Updated', N'FoundItem', N'79', NULL, NULL, N'Cập nhật bài đăng', 1, CAST(N'2026-05-16T09:00:10.2245955' AS DateTime2), NULL)
INSERT [dbo].[AuditLog] ([Id], [ActorUserId], [Action], [EntityType], [EntityId], [FromStatus], [ToStatus], [Detail], [IsPublic], [CreatedAt], [IpAddress]) VALUES (102, N'f3ecf69f-fb2f-4da7-9fc0-719f0c61a329', N'Created', N'FoundItem', N'80', NULL, N'PendingDropoff', N'Đăng đồ nhặt được: Balo laptop', 0, CAST(N'2026-06-26T16:14:10.2245955' AS DateTime2), NULL)
INSERT [dbo].[AuditLog] ([Id], [ActorUserId], [Action], [EntityType], [EntityId], [FromStatus], [ToStatus], [Detail], [IsPublic], [CreatedAt], [IpAddress]) VALUES (103, N'df754c46-45b7-4771-b550-893ef7a85390', N'Created', N'FoundItem', N'81', NULL, N'PendingDropoff', N'Đăng đồ nhặt được: Sổ tay', 0, CAST(N'2026-07-07T11:19:10.2245955' AS DateTime2), NULL)
INSERT [dbo].[AuditLog] ([Id], [ActorUserId], [Action], [EntityType], [EntityId], [FromStatus], [ToStatus], [Detail], [IsPublic], [CreatedAt], [IpAddress]) VALUES (104, N'df754c46-45b7-4771-b550-893ef7a85390', N'Updated', N'FoundItem', N'81', NULL, NULL, N'Cập nhật bài đăng', 1, CAST(N'2026-07-07T23:19:10.2245955' AS DateTime2), NULL)
INSERT [dbo].[AuditLog] ([Id], [ActorUserId], [Action], [EntityType], [EntityId], [FromStatus], [ToStatus], [Detail], [IsPublic], [CreatedAt], [IpAddress]) VALUES (105, N'ab5a9ac2-181c-4481-9a66-32c79eb01727', N'Created', N'FoundItem', N'82', NULL, N'Open', N'Đăng đồ nhặt được: Chùm chìa khoá xe máy', 1, CAST(N'2026-05-17T12:45:10.2245955' AS DateTime2), NULL)
INSERT [dbo].[AuditLog] ([Id], [ActorUserId], [Action], [EntityType], [EntityId], [FromStatus], [ToStatus], [Detail], [IsPublic], [CreatedAt], [IpAddress]) VALUES (106, N'643f61f6-4b5c-40fc-89eb-a5f30b040ea9', N'Created', N'FoundItem', N'83', NULL, N'PendingDropoff', N'Đăng đồ nhặt được: Kính cận gọng nhựa', 0, CAST(N'2026-06-15T17:37:10.2245955' AS DateTime2), NULL)
INSERT [dbo].[AuditLog] ([Id], [ActorUserId], [Action], [EntityType], [EntityId], [FromStatus], [ToStatus], [Detail], [IsPublic], [CreatedAt], [IpAddress]) VALUES (107, N'5d81a090-d2f4-4c6a-9bbe-20869bd5b4f7', N'Created', N'FoundItem', N'84', NULL, N'PendingDropoff', N'Đăng đồ nhặt được: Sổ tay', 0, CAST(N'2026-06-28T12:27:10.2245955' AS DateTime2), NULL)
INSERT [dbo].[AuditLog] ([Id], [ActorUserId], [Action], [EntityType], [EntityId], [FromStatus], [ToStatus], [Detail], [IsPublic], [CreatedAt], [IpAddress]) VALUES (108, N'5d81a090-d2f4-4c6a-9bbe-20869bd5b4f7', N'Updated', N'FoundItem', N'84', NULL, NULL, N'Cập nhật bài đăng', 1, CAST(N'2026-06-29T02:27:10.2245955' AS DateTime2), NULL)
INSERT [dbo].[AuditLog] ([Id], [ActorUserId], [Action], [EntityType], [EntityId], [FromStatus], [ToStatus], [Detail], [IsPublic], [CreatedAt], [IpAddress]) VALUES (109, N'5b3be607-bddf-4500-be13-f6501eb60f96', N'Created', N'FoundItem', N'85', NULL, N'Open', N'Đăng đồ nhặt được: Kính cận gọng nhựa', 1, CAST(N'2026-07-06T17:51:10.2245955' AS DateTime2), NULL)
INSERT [dbo].[AuditLog] ([Id], [ActorUserId], [Action], [EntityType], [EntityId], [FromStatus], [ToStatus], [Detail], [IsPublic], [CreatedAt], [IpAddress]) VALUES (110, N'5b3be607-bddf-4500-be13-f6501eb60f96', N'Created', N'FoundItem', N'86', NULL, N'Open', N'Đăng đồ nhặt được: Máy tính bảng iPad', 1, CAST(N'2026-05-23T20:19:10.2245955' AS DateTime2), NULL)
INSERT [dbo].[AuditLog] ([Id], [ActorUserId], [Action], [EntityType], [EntityId], [FromStatus], [ToStatus], [Detail], [IsPublic], [CreatedAt], [IpAddress]) VALUES (111, N'b69520e7-a38a-4e8e-96d4-20dabd297cbf', N'Created', N'FoundItem', N'87', NULL, N'Open', N'Đăng đồ nhặt được: CCCD gắn chip', 1, CAST(N'2026-07-02T19:19:10.2245955' AS DateTime2), NULL)
INSERT [dbo].[AuditLog] ([Id], [ActorUserId], [Action], [EntityType], [EntityId], [FromStatus], [ToStatus], [Detail], [IsPublic], [CreatedAt], [IpAddress]) VALUES (112, N'643f61f6-4b5c-40fc-89eb-a5f30b040ea9', N'Created', N'FoundItem', N'88', NULL, N'Open', N'Đăng đồ nhặt được: Mũ bảo hiểm', 1, CAST(N'2026-07-02T19:19:10.2245955' AS DateTime2), NULL)
INSERT [dbo].[AuditLog] ([Id], [ActorUserId], [Action], [EntityType], [EntityId], [FromStatus], [ToStatus], [Detail], [IsPublic], [CreatedAt], [IpAddress]) VALUES (113, N'c5bd4ae5-9dbe-4126-b596-80cdd5718eee', N'Created', N'FoundItem', N'89', NULL, N'Open', N'Đăng đồ nhặt được: Thẻ ATM', 1, CAST(N'2026-06-03T06:51:10.2245955' AS DateTime2), NULL)
INSERT [dbo].[AuditLog] ([Id], [ActorUserId], [Action], [EntityType], [EntityId], [FromStatus], [ToStatus], [Detail], [IsPublic], [CreatedAt], [IpAddress]) VALUES (114, N'c5bd4ae5-9dbe-4126-b596-80cdd5718eee', N'Updated', N'FoundItem', N'89', NULL, NULL, N'Cập nhật bài đăng', 1, CAST(N'2026-06-04T07:51:10.2245955' AS DateTime2), NULL)
INSERT [dbo].[AuditLog] ([Id], [ActorUserId], [Action], [EntityType], [EntityId], [FromStatus], [ToStatus], [Detail], [IsPublic], [CreatedAt], [IpAddress]) VALUES (115, N'f3ecf69f-fb2f-4da7-9fc0-719f0c61a329', N'Created', N'FoundItem', N'90', NULL, N'Open', N'Đăng đồ nhặt được: Khăn choàng len', 1, CAST(N'2026-06-02T19:58:10.2245955' AS DateTime2), NULL)
INSERT [dbo].[AuditLog] ([Id], [ActorUserId], [Action], [EntityType], [EntityId], [FromStatus], [ToStatus], [Detail], [IsPublic], [CreatedAt], [IpAddress]) VALUES (116, N'e726eb22-f69e-4653-9d86-ddd6666ef28b', N'Created', N'FoundItem', N'91', NULL, N'Open', N'Đăng đồ nhặt được: Kính cận gọng nhựa', 1, CAST(N'2026-07-02T01:07:10.2245955' AS DateTime2), NULL)
INSERT [dbo].[AuditLog] ([Id], [ActorUserId], [Action], [EntityType], [EntityId], [FromStatus], [ToStatus], [Detail], [IsPublic], [CreatedAt], [IpAddress]) VALUES (117, N'e726eb22-f69e-4653-9d86-ddd6666ef28b', N'Created', N'FoundItem', N'92', NULL, N'Open', N'Đăng đồ nhặt được: Mũ bảo hiểm', 1, CAST(N'2026-06-02T13:02:10.2245955' AS DateTime2), NULL)
INSERT [dbo].[AuditLog] ([Id], [ActorUserId], [Action], [EntityType], [EntityId], [FromStatus], [ToStatus], [Detail], [IsPublic], [CreatedAt], [IpAddress]) VALUES (118, N'5944c50f-c625-4ac0-badb-4357a195f96e', N'Created', N'FoundItem', N'93', NULL, N'Open', N'Đăng đồ nhặt được: Ví da nam', 1, CAST(N'2026-06-23T12:47:10.2245955' AS DateTime2), NULL)
INSERT [dbo].[AuditLog] ([Id], [ActorUserId], [Action], [EntityType], [EntityId], [FromStatus], [ToStatus], [Detail], [IsPublic], [CreatedAt], [IpAddress]) VALUES (119, N'f3ecf69f-fb2f-4da7-9fc0-719f0c61a329', N'Created', N'FoundItem', N'94', NULL, N'Open', N'Đăng đồ nhặt được: Sổ tay', 1, CAST(N'2026-06-19T13:30:10.2245955' AS DateTime2), NULL)
INSERT [dbo].[AuditLog] ([Id], [ActorUserId], [Action], [EntityType], [EntityId], [FromStatus], [ToStatus], [Detail], [IsPublic], [CreatedAt], [IpAddress]) VALUES (120, N'f3ecf69f-fb2f-4da7-9fc0-719f0c61a329', N'Updated', N'FoundItem', N'94', NULL, NULL, N'Cập nhật bài đăng', 1, CAST(N'2026-06-20T13:30:10.2245955' AS DateTime2), NULL)
INSERT [dbo].[AuditLog] ([Id], [ActorUserId], [Action], [EntityType], [EntityId], [FromStatus], [ToStatus], [Detail], [IsPublic], [CreatedAt], [IpAddress]) VALUES (121, N'5b3be607-bddf-4500-be13-f6501eb60f96', N'Created', N'FoundItem', N'95', NULL, N'Open', N'Đăng đồ nhặt được: Áo khoác gió', 1, CAST(N'2026-07-12T14:06:10.2245955' AS DateTime2), NULL)
INSERT [dbo].[AuditLog] ([Id], [ActorUserId], [Action], [EntityType], [EntityId], [FromStatus], [ToStatus], [Detail], [IsPublic], [CreatedAt], [IpAddress]) VALUES (122, N'ab5a9ac2-181c-4481-9a66-32c79eb01727', N'Created', N'FoundItem', N'96', NULL, N'Open', N'Đăng đồ nhặt được: Ô gấp', 1, CAST(N'2026-07-04T09:06:10.2245955' AS DateTime2), NULL)
INSERT [dbo].[AuditLog] ([Id], [ActorUserId], [Action], [EntityType], [EntityId], [FromStatus], [ToStatus], [Detail], [IsPublic], [CreatedAt], [IpAddress]) VALUES (123, N'ab5a9ac2-181c-4481-9a66-32c79eb01727', N'Updated', N'FoundItem', N'96', NULL, NULL, N'Cập nhật bài đăng', 1, CAST(N'2026-07-05T13:06:10.2245955' AS DateTime2), NULL)
INSERT [dbo].[AuditLog] ([Id], [ActorUserId], [Action], [EntityType], [EntityId], [FromStatus], [ToStatus], [Detail], [IsPublic], [CreatedAt], [IpAddress]) VALUES (124, N'f3ecf69f-fb2f-4da7-9fc0-719f0c61a329', N'Created', N'FoundItem', N'97', NULL, N'Open', N'Đăng đồ nhặt được: Samsung Galaxy', 1, CAST(N'2026-05-17T19:57:10.2245955' AS DateTime2), NULL)
INSERT [dbo].[AuditLog] ([Id], [ActorUserId], [Action], [EntityType], [EntityId], [FromStatus], [ToStatus], [Detail], [IsPublic], [CreatedAt], [IpAddress]) VALUES (125, N'c5bd4ae5-9dbe-4126-b596-80cdd5718eee', N'Created', N'FoundItem', N'98', NULL, N'Open', N'Đăng đồ nhặt được: Túi xách nữ', 1, CAST(N'2026-05-18T14:28:10.2245955' AS DateTime2), NULL)
INSERT [dbo].[AuditLog] ([Id], [ActorUserId], [Action], [EntityType], [EntityId], [FromStatus], [ToStatus], [Detail], [IsPublic], [CreatedAt], [IpAddress]) VALUES (126, N'c5bd4ae5-9dbe-4126-b596-80cdd5718eee', N'Created', N'FoundItem', N'99', NULL, N'Open', N'Đăng đồ nhặt được: Sạc dự phòng', 1, CAST(N'2026-07-08T17:29:10.2245955' AS DateTime2), NULL)
INSERT [dbo].[AuditLog] ([Id], [ActorUserId], [Action], [EntityType], [EntityId], [FromStatus], [ToStatus], [Detail], [IsPublic], [CreatedAt], [IpAddress]) VALUES (127, N'c5bd4ae5-9dbe-4126-b596-80cdd5718eee', N'Updated', N'FoundItem', N'99', NULL, NULL, N'Cập nhật bài đăng', 1, CAST(N'2026-07-09T20:29:10.2245955' AS DateTime2), NULL)
INSERT [dbo].[AuditLog] ([Id], [ActorUserId], [Action], [EntityType], [EntityId], [FromStatus], [ToStatus], [Detail], [IsPublic], [CreatedAt], [IpAddress]) VALUES (128, N'2ceaa0f0-cb00-468f-a11d-8f8a4846f42c', N'Created', N'FoundItem', N'100', NULL, N'PendingDropoff', N'Đăng đồ nhặt được: Thẻ ATM', 0, CAST(N'2026-05-18T10:41:10.2245955' AS DateTime2), NULL)
INSERT [dbo].[AuditLog] ([Id], [ActorUserId], [Action], [EntityType], [EntityId], [FromStatus], [ToStatus], [Detail], [IsPublic], [CreatedAt], [IpAddress]) VALUES (129, N'ab5a9ac2-181c-4481-9a66-32c79eb01727', N'Created', N'LostItem', N'1', NULL, N'Open', N'Đăng đồ bị mất: Mũ bảo hiểm', 1, CAST(N'2026-06-06T22:21:14.2409841' AS DateTime2), NULL)
INSERT [dbo].[AuditLog] ([Id], [ActorUserId], [Action], [EntityType], [EntityId], [FromStatus], [ToStatus], [Detail], [IsPublic], [CreatedAt], [IpAddress]) VALUES (130, N'caaf0ff3-db0f-479d-8865-042b004ebfae', N'Created', N'LostItem', N'2', NULL, N'Open', N'Đăng đồ bị mất: Samsung Galaxy', 1, CAST(N'2026-06-08T05:03:14.2409841' AS DateTime2), NULL)
INSERT [dbo].[AuditLog] ([Id], [ActorUserId], [Action], [EntityType], [EntityId], [FromStatus], [ToStatus], [Detail], [IsPublic], [CreatedAt], [IpAddress]) VALUES (131, N'99b5a892-dee1-4a3a-883e-f416fad14bc6', N'Created', N'LostItem', N'3', NULL, N'Open', N'Đăng đồ bị mất: Thẻ ATM', 1, CAST(N'2026-06-10T03:21:14.2409841' AS DateTime2), NULL)
INSERT [dbo].[AuditLog] ([Id], [ActorUserId], [Action], [EntityType], [EntityId], [FromStatus], [ToStatus], [Detail], [IsPublic], [CreatedAt], [IpAddress]) VALUES (132, N'e726eb22-f69e-4653-9d86-ddd6666ef28b', N'Created', N'LostItem', N'4', NULL, N'Open', N'Đăng đồ bị mất: Giày thể thao', 1, CAST(N'2026-06-30T20:36:14.2409841' AS DateTime2), NULL)
INSERT [dbo].[AuditLog] ([Id], [ActorUserId], [Action], [EntityType], [EntityId], [FromStatus], [ToStatus], [Detail], [IsPublic], [CreatedAt], [IpAddress]) VALUES (133, N'f8148f03-af79-48ba-a5c3-b4953cb49919', N'Created', N'LostItem', N'5', NULL, N'Open', N'Đăng đồ bị mất: Sổ tay', 1, CAST(N'2026-06-21T22:22:14.2409841' AS DateTime2), NULL)
INSERT [dbo].[AuditLog] ([Id], [ActorUserId], [Action], [EntityType], [EntityId], [FromStatus], [ToStatus], [Detail], [IsPublic], [CreatedAt], [IpAddress]) VALUES (134, N'2101af1e-bd9c-4d7d-aa92-40fae6538117', N'Created', N'LostItem', N'6', NULL, N'Open', N'Đăng đồ bị mất: Ví da nam', 1, CAST(N'2026-06-17T05:25:14.2409841' AS DateTime2), NULL)
INSERT [dbo].[AuditLog] ([Id], [ActorUserId], [Action], [EntityType], [EntityId], [FromStatus], [ToStatus], [Detail], [IsPublic], [CreatedAt], [IpAddress]) VALUES (135, N'df754c46-45b7-4771-b550-893ef7a85390', N'Created', N'LostItem', N'7', NULL, N'Open', N'Đăng đồ bị mất: iPhone 13', 1, CAST(N'2026-06-02T04:58:14.2409841' AS DateTime2), NULL)
INSERT [dbo].[AuditLog] ([Id], [ActorUserId], [Action], [EntityType], [EntityId], [FromStatus], [ToStatus], [Detail], [IsPublic], [CreatedAt], [IpAddress]) VALUES (136, N'f8148f03-af79-48ba-a5c3-b4953cb49919', N'Created', N'LostItem', N'8', NULL, N'Open', N'Đăng đồ bị mất: Thẻ ATM', 1, CAST(N'2026-06-25T06:09:14.2409841' AS DateTime2), NULL)
INSERT [dbo].[AuditLog] ([Id], [ActorUserId], [Action], [EntityType], [EntityId], [FromStatus], [ToStatus], [Detail], [IsPublic], [CreatedAt], [IpAddress]) VALUES (137, N'8cd3d438-f129-46a2-a8ba-44d454d541b7', N'Created', N'LostItem', N'9', NULL, N'Open', N'Đăng đồ bị mất: Sổ tay', 1, CAST(N'2026-06-16T13:08:14.2409841' AS DateTime2), NULL)
INSERT [dbo].[AuditLog] ([Id], [ActorUserId], [Action], [EntityType], [EntityId], [FromStatus], [ToStatus], [Detail], [IsPublic], [CreatedAt], [IpAddress]) VALUES (138, N'2ceaa0f0-cb00-468f-a11d-8f8a4846f42c', N'Created', N'LostItem', N'10', NULL, N'Open', N'Đăng đồ bị mất: Ô gấp', 1, CAST(N'2026-06-18T17:47:14.2409841' AS DateTime2), NULL)
INSERT [dbo].[AuditLog] ([Id], [ActorUserId], [Action], [EntityType], [EntityId], [FromStatus], [ToStatus], [Detail], [IsPublic], [CreatedAt], [IpAddress]) VALUES (139, N'2ceaa0f0-cb00-468f-a11d-8f8a4846f42c', N'Created', N'LostItem', N'11', NULL, N'Open', N'Đăng đồ bị mất: Đồng hồ đeo tay', 1, CAST(N'2026-06-28T20:44:14.2409841' AS DateTime2), NULL)
INSERT [dbo].[AuditLog] ([Id], [ActorUserId], [Action], [EntityType], [EntityId], [FromStatus], [ToStatus], [Detail], [IsPublic], [CreatedAt], [IpAddress]) VALUES (140, N'c5bd4ae5-9dbe-4126-b596-80cdd5718eee', N'Created', N'LostItem', N'12', NULL, N'Open', N'Đăng đồ bị mất: Túi xách nữ', 1, CAST(N'2026-06-07T22:55:14.2409841' AS DateTime2), NULL)
INSERT [dbo].[AuditLog] ([Id], [ActorUserId], [Action], [EntityType], [EntityId], [FromStatus], [ToStatus], [Detail], [IsPublic], [CreatedAt], [IpAddress]) VALUES (141, N'826e7014-bd04-4b35-a545-5395a53b1d44', N'Created', N'LostItem', N'13', NULL, N'Open', N'Đăng đồ bị mất: Thẻ ATM', 1, CAST(N'2026-06-25T11:13:14.2409841' AS DateTime2), NULL)
INSERT [dbo].[AuditLog] ([Id], [ActorUserId], [Action], [EntityType], [EntityId], [FromStatus], [ToStatus], [Detail], [IsPublic], [CreatedAt], [IpAddress]) VALUES (142, N'643f61f6-4b5c-40fc-89eb-a5f30b040ea9', N'Created', N'LostItem', N'14', NULL, N'Open', N'Đăng đồ bị mất: Kính cận gọng nhựa', 1, CAST(N'2026-07-09T05:59:14.2409841' AS DateTime2), NULL)
INSERT [dbo].[AuditLog] ([Id], [ActorUserId], [Action], [EntityType], [EntityId], [FromStatus], [ToStatus], [Detail], [IsPublic], [CreatedAt], [IpAddress]) VALUES (143, N'e726eb22-f69e-4653-9d86-ddd6666ef28b', N'Created', N'LostItem', N'15', NULL, N'Open', N'Đăng đồ bị mất: Laptop Dell', 1, CAST(N'2026-06-10T16:38:14.2409841' AS DateTime2), NULL)
INSERT [dbo].[AuditLog] ([Id], [ActorUserId], [Action], [EntityType], [EntityId], [FromStatus], [ToStatus], [Detail], [IsPublic], [CreatedAt], [IpAddress]) VALUES (144, N'826e7014-bd04-4b35-a545-5395a53b1d44', N'Created', N'LostItem', N'16', NULL, N'Open', N'Đăng đồ bị mất: Chuột không dây', 1, CAST(N'2026-06-27T05:18:14.2409841' AS DateTime2), NULL)
INSERT [dbo].[AuditLog] ([Id], [ActorUserId], [Action], [EntityType], [EntityId], [FromStatus], [ToStatus], [Detail], [IsPublic], [CreatedAt], [IpAddress]) VALUES (145, N'f8148f03-af79-48ba-a5c3-b4953cb49919', N'Created', N'LostItem', N'17', NULL, N'Open', N'Đăng đồ bị mất: Ví da nam', 1, CAST(N'2026-07-09T20:29:14.2409841' AS DateTime2), NULL)
INSERT [dbo].[AuditLog] ([Id], [ActorUserId], [Action], [EntityType], [EntityId], [FromStatus], [ToStatus], [Detail], [IsPublic], [CreatedAt], [IpAddress]) VALUES (146, N'2101af1e-bd9c-4d7d-aa92-40fae6538117', N'Created', N'LostItem', N'18', NULL, N'Open', N'Đăng đồ bị mất: Thẻ ATM', 1, CAST(N'2026-06-23T22:34:14.2409841' AS DateTime2), NULL)
INSERT [dbo].[AuditLog] ([Id], [ActorUserId], [Action], [EntityType], [EntityId], [FromStatus], [ToStatus], [Detail], [IsPublic], [CreatedAt], [IpAddress]) VALUES (147, N'5d81a090-d2f4-4c6a-9bbe-20869bd5b4f7', N'Created', N'LostItem', N'19', NULL, N'Open', N'Đăng đồ bị mất: Áo khoác gió', 1, CAST(N'2026-06-19T02:41:14.2409841' AS DateTime2), NULL)
INSERT [dbo].[AuditLog] ([Id], [ActorUserId], [Action], [EntityType], [EntityId], [FromStatus], [ToStatus], [Detail], [IsPublic], [CreatedAt], [IpAddress]) VALUES (148, N'f8148f03-af79-48ba-a5c3-b4953cb49919', N'Created', N'LostItem', N'20', NULL, N'Open', N'Đăng đồ bị mất: Ô gấp', 1, CAST(N'2026-06-07T16:43:14.2409841' AS DateTime2), NULL)
INSERT [dbo].[AuditLog] ([Id], [ActorUserId], [Action], [EntityType], [EntityId], [FromStatus], [ToStatus], [Detail], [IsPublic], [CreatedAt], [IpAddress]) VALUES (149, N'fdd8a67b-d384-4698-aac0-baa276e40c6c', N'Created', N'LostItem', N'21', NULL, N'Open', N'Đăng đồ bị mất: Giày thể thao', 1, CAST(N'2026-06-02T05:13:14.2409841' AS DateTime2), NULL)
INSERT [dbo].[AuditLog] ([Id], [ActorUserId], [Action], [EntityType], [EntityId], [FromStatus], [ToStatus], [Detail], [IsPublic], [CreatedAt], [IpAddress]) VALUES (150, N'1ca4b2ba-8ff1-4199-a086-e50831f22692', N'Created', N'LostItem', N'22', NULL, N'Open', N'Đăng đồ bị mất: Sạc dự phòng', 1, CAST(N'2026-06-02T00:27:14.2409841' AS DateTime2), NULL)
INSERT [dbo].[AuditLog] ([Id], [ActorUserId], [Action], [EntityType], [EntityId], [FromStatus], [ToStatus], [Detail], [IsPublic], [CreatedAt], [IpAddress]) VALUES (151, N'b69520e7-a38a-4e8e-96d4-20dabd297cbf', N'Created', N'LostItem', N'23', NULL, N'Open', N'Đăng đồ bị mất: Ví da nam', 1, CAST(N'2026-07-03T06:02:14.2409841' AS DateTime2), NULL)
INSERT [dbo].[AuditLog] ([Id], [ActorUserId], [Action], [EntityType], [EntityId], [FromStatus], [ToStatus], [Detail], [IsPublic], [CreatedAt], [IpAddress]) VALUES (152, N'caaf0ff3-db0f-479d-8865-042b004ebfae', N'Created', N'LostItem', N'24', NULL, N'Open', N'Đăng đồ bị mất: Giày thể thao', 1, CAST(N'2026-06-29T19:07:14.2409841' AS DateTime2), NULL)
SET IDENTITY_INSERT [dbo].[AuditLog] OFF
SET IDENTITY_INSERT [dbo].[FoundItem] ON 

INSERT [dbo].[FoundItem] ([Id], [Title], [Description], [CategoryId], [LocationId], [FoundAt], [Status], [HoldingType], [StorageLocation], [PrivateMarks], [ReporterUserId], [CustodianStaffId], [HolderConfirmedHandover], [ClaimantConfirmedHandover], [CreatedAt]) VALUES (1, N'iPhone 13', N'Điện thoại đã khoá màn hình, còn pin. Màu đen.', 2, 9, CAST(N'2026-06-24T21:22:10.2245955' AS DateTime2), 0, 1, NULL, NULL, N'5d81a090-d2f4-4c6a-9bbe-20869bd5b4f7', NULL, 0, 0, CAST(N'2026-06-24T23:43:10.2245955' AS DateTime2))
INSERT [dbo].[FoundItem] ([Id], [Title], [Description], [CategoryId], [LocationId], [FoundAt], [Status], [HoldingType], [StorageLocation], [PrivateMarks], [ReporterUserId], [CustodianStaffId], [HolderConfirmedHandover], [ClaimantConfirmedHandover], [CreatedAt]) VALUES (2, N'Giày thể thao', N'Một chiếc giày thể thao. Màu đỏ.', 30, 6, CAST(N'2026-05-31T13:45:10.2245955' AS DateTime2), 1, 0, NULL, NULL, N'ab5a9ac2-181c-4481-9a66-32c79eb01727', NULL, 0, 0, CAST(N'2026-05-31T14:07:10.2245955' AS DateTime2))
INSERT [dbo].[FoundItem] ([Id], [Title], [Description], [CategoryId], [LocationId], [FoundAt], [Status], [HoldingType], [StorageLocation], [PrivateMarks], [ReporterUserId], [CustodianStaffId], [HolderConfirmedHandover], [ClaimantConfirmedHandover], [CreatedAt]) VALUES (3, N'Giày thể thao', N'Một chiếc giày thể thao. Màu nâu.', 30, 12, CAST(N'2026-06-07T14:47:10.2245955' AS DateTime2), 1, 0, NULL, N'Có một đặc điểm riêng chỉ chủ mới biết.', N'99b5a892-dee1-4a3a-883e-f416fad14bc6', NULL, 0, 0, CAST(N'2026-06-07T17:28:10.2245955' AS DateTime2))
INSERT [dbo].[FoundItem] ([Id], [Title], [Description], [CategoryId], [LocationId], [FoundAt], [Status], [HoldingType], [StorageLocation], [PrivateMarks], [ReporterUserId], [CustodianStaffId], [HolderConfirmedHandover], [ClaimantConfirmedHandover], [CreatedAt]) VALUES (4, N'Máy tính bảng iPad', N'iPad còn bao da. Màu trắng.', 4, 11, CAST(N'2026-07-10T23:07:10.2245955' AS DateTime2), 1, 0, NULL, N'Có một đặc điểm riêng chỉ chủ mới biết.', N'5944c50f-c625-4ac0-badb-4357a195f96e', NULL, 0, 0, CAST(N'2026-07-11T00:59:10.2245955' AS DateTime2))
INSERT [dbo].[FoundItem] ([Id], [Title], [Description], [CategoryId], [LocationId], [FoundAt], [Status], [HoldingType], [StorageLocation], [PrivateMarks], [ReporterUserId], [CustodianStaffId], [HolderConfirmedHandover], [ClaimantConfirmedHandover], [CreatedAt]) VALUES (5, N'Balo laptop', N'Balo có ngăn đựng laptop. Màu nâu.', 18, 4, CAST(N'2026-07-12T17:49:10.2245955' AS DateTime2), 1, 0, NULL, N'Có một đặc điểm riêng chỉ chủ mới biết.', N'b69520e7-a38a-4e8e-96d4-20dabd297cbf', NULL, 0, 0, CAST(N'2026-07-12T19:27:10.2245955' AS DateTime2))
INSERT [dbo].[FoundItem] ([Id], [Title], [Description], [CategoryId], [LocationId], [FoundAt], [Status], [HoldingType], [StorageLocation], [PrivateMarks], [ReporterUserId], [CustodianStaffId], [HolderConfirmedHandover], [ClaimantConfirmedHandover], [CreatedAt]) VALUES (6, N'Chuột không dây', N'Chuột Logitech. Màu trắng.', 7, 12, CAST(N'2026-06-17T11:32:10.2245955' AS DateTime2), 1, 0, NULL, NULL, N'2101af1e-bd9c-4d7d-aa92-40fae6538117', NULL, 0, 0, CAST(N'2026-06-17T12:55:10.2245955' AS DateTime2))
INSERT [dbo].[FoundItem] ([Id], [Title], [Description], [CategoryId], [LocationId], [FoundAt], [Status], [HoldingType], [StorageLocation], [PrivateMarks], [ReporterUserId], [CustodianStaffId], [HolderConfirmedHandover], [ClaimantConfirmedHandover], [CreatedAt]) VALUES (7, N'Ví da nam', N'Ví da nam, bên trong còn vài loại thẻ. Màu hồng.', 16, 5, CAST(N'2026-07-03T14:34:10.2245955' AS DateTime2), 0, 1, NULL, NULL, N'826e7014-bd04-4b35-a545-5395a53b1d44', NULL, 0, 0, CAST(N'2026-07-03T15:31:10.2245955' AS DateTime2))
INSERT [dbo].[FoundItem] ([Id], [Title], [Description], [CategoryId], [LocationId], [FoundAt], [Status], [HoldingType], [StorageLocation], [PrivateMarks], [ReporterUserId], [CustodianStaffId], [HolderConfirmedHandover], [ClaimantConfirmedHandover], [CreatedAt]) VALUES (8, N'Khăn choàng len', N'Khăn choàng ấm. Màu đen.', 29, 2, CAST(N'2026-06-22T14:48:10.2245955' AS DateTime2), 1, 0, NULL, N'Có một đặc điểm riêng chỉ chủ mới biết.', N'1ca4b2ba-8ff1-4199-a086-e50831f22692', NULL, 0, 0, CAST(N'2026-06-22T15:28:10.2245955' AS DateTime2))
INSERT [dbo].[FoundItem] ([Id], [Title], [Description], [CategoryId], [LocationId], [FoundAt], [Status], [HoldingType], [StorageLocation], [PrivateMarks], [ReporterUserId], [CustodianStaffId], [HolderConfirmedHandover], [ClaimantConfirmedHandover], [CreatedAt]) VALUES (9, N'Bằng lái xe A1', N'Giấy phép lái xe. Màu be.', 12, 9, CAST(N'2026-06-27T09:24:10.2245955' AS DateTime2), 1, 0, NULL, N'Có một đặc điểm riêng chỉ chủ mới biết.', N'df754c46-45b7-4771-b550-893ef7a85390', NULL, 0, 0, CAST(N'2026-06-27T10:38:10.2245955' AS DateTime2))
INSERT [dbo].[FoundItem] ([Id], [Title], [Description], [CategoryId], [LocationId], [FoundAt], [Status], [HoldingType], [StorageLocation], [PrivateMarks], [ReporterUserId], [CustodianStaffId], [HolderConfirmedHandover], [ClaimantConfirmedHandover], [CreatedAt]) VALUES (10, N'Máy tính bảng iPad', N'iPad còn bao da. Màu nâu.', 4, 6, CAST(N'2026-05-14T21:58:10.2245955' AS DateTime2), 1, 0, NULL, NULL, N'826e7014-bd04-4b35-a545-5395a53b1d44', NULL, 0, 0, CAST(N'2026-05-15T00:10:10.2245955' AS DateTime2))
INSERT [dbo].[FoundItem] ([Id], [Title], [Description], [CategoryId], [LocationId], [FoundAt], [Status], [HoldingType], [StorageLocation], [PrivateMarks], [ReporterUserId], [CustodianStaffId], [HolderConfirmedHandover], [ClaimantConfirmedHandover], [CreatedAt]) VALUES (11, N'Samsung Galaxy', N'Điện thoại Android màn hình lớn. Màu be.', 2, 10, CAST(N'2026-06-05T19:40:10.2245955' AS DateTime2), 1, 0, NULL, NULL, N'ab5a9ac2-181c-4481-9a66-32c79eb01727', NULL, 0, 0, CAST(N'2026-06-05T20:52:10.2245955' AS DateTime2))
INSERT [dbo].[FoundItem] ([Id], [Title], [Description], [CategoryId], [LocationId], [FoundAt], [Status], [HoldingType], [StorageLocation], [PrivateMarks], [ReporterUserId], [CustodianStaffId], [HolderConfirmedHandover], [ClaimantConfirmedHandover], [CreatedAt]) VALUES (12, N'Sổ tay', N'Sổ ghi chép bìa cứng. Màu trắng.', 14, 9, CAST(N'2026-06-26T20:56:10.2245955' AS DateTime2), 0, 1, NULL, N'Có một đặc điểm riêng chỉ chủ mới biết.', N'99b5a892-dee1-4a3a-883e-f416fad14bc6', NULL, 0, 0, CAST(N'2026-06-26T21:54:10.2245955' AS DateTime2))
INSERT [dbo].[FoundItem] ([Id], [Title], [Description], [CategoryId], [LocationId], [FoundAt], [Status], [HoldingType], [StorageLocation], [PrivateMarks], [ReporterUserId], [CustodianStaffId], [HolderConfirmedHandover], [ClaimantConfirmedHandover], [CreatedAt]) VALUES (13, N'Tai nghe Bluetooth', N'Tai nghe không dây trong hộp sạc. Màu xanh.', 5, 5, CAST(N'2026-05-27T14:38:10.2245955' AS DateTime2), 1, 0, NULL, NULL, N'f8148f03-af79-48ba-a5c3-b4953cb49919', NULL, 0, 0, CAST(N'2026-05-27T15:52:10.2245955' AS DateTime2))
INSERT [dbo].[FoundItem] ([Id], [Title], [Description], [CategoryId], [LocationId], [FoundAt], [Status], [HoldingType], [StorageLocation], [PrivateMarks], [ReporterUserId], [CustodianStaffId], [HolderConfirmedHandover], [ClaimantConfirmedHandover], [CreatedAt]) VALUES (14, N'Máy tính bảng iPad', N'iPad còn bao da. Màu nâu.', 4, 1, CAST(N'2026-07-04T01:21:10.2245955' AS DateTime2), 0, 1, NULL, NULL, N'99b5a892-dee1-4a3a-883e-f416fad14bc6', NULL, 0, 0, CAST(N'2026-07-04T02:08:10.2245955' AS DateTime2))
INSERT [dbo].[FoundItem] ([Id], [Title], [Description], [CategoryId], [LocationId], [FoundAt], [Status], [HoldingType], [StorageLocation], [PrivateMarks], [ReporterUserId], [CustodianStaffId], [HolderConfirmedHandover], [ClaimantConfirmedHandover], [CreatedAt]) VALUES (15, N'Samsung Galaxy', N'Điện thoại Android màn hình lớn. Màu be.', 2, 4, CAST(N'2026-06-28T04:50:10.2245955' AS DateTime2), 1, 0, NULL, N'Có một đặc điểm riêng chỉ chủ mới biết.', N'b69520e7-a38a-4e8e-96d4-20dabd297cbf', NULL, 0, 0, CAST(N'2026-06-28T06:02:10.2245955' AS DateTime2))
INSERT [dbo].[FoundItem] ([Id], [Title], [Description], [CategoryId], [LocationId], [FoundAt], [Status], [HoldingType], [StorageLocation], [PrivateMarks], [ReporterUserId], [CustodianStaffId], [HolderConfirmedHandover], [ClaimantConfirmedHandover], [CreatedAt]) VALUES (16, N'Khăn choàng len', N'Khăn choàng ấm. Màu be.', 29, 7, CAST(N'2026-06-19T14:50:10.2245955' AS DateTime2), 1, 0, NULL, N'Có một đặc điểm riêng chỉ chủ mới biết.', N'5b3be607-bddf-4500-be13-f6501eb60f96', NULL, 0, 0, CAST(N'2026-06-19T15:38:10.2245955' AS DateTime2))
INSERT [dbo].[FoundItem] ([Id], [Title], [Description], [CategoryId], [LocationId], [FoundAt], [Status], [HoldingType], [StorageLocation], [PrivateMarks], [ReporterUserId], [CustodianStaffId], [HolderConfirmedHandover], [ClaimantConfirmedHandover], [CreatedAt]) VALUES (17, N'Chùm chìa khoá xe máy', N'Chùm chìa khoá kèm móc treo. Màu trắng.', 21, 11, CAST(N'2026-05-30T00:40:10.2245955' AS DateTime2), 0, 1, NULL, N'Có một đặc điểm riêng chỉ chủ mới biết.', N'643f61f6-4b5c-40fc-89eb-a5f30b040ea9', NULL, 0, 0, CAST(N'2026-05-30T03:37:10.2245955' AS DateTime2))
INSERT [dbo].[FoundItem] ([Id], [Title], [Description], [CategoryId], [LocationId], [FoundAt], [Status], [HoldingType], [StorageLocation], [PrivateMarks], [ReporterUserId], [CustodianStaffId], [HolderConfirmedHandover], [ClaimantConfirmedHandover], [CreatedAt]) VALUES (18, N'Ví da nam', N'Ví da nam, bên trong còn vài loại thẻ. Màu nâu.', 16, 9, CAST(N'2026-05-31T21:11:10.2245955' AS DateTime2), 1, 0, NULL, N'Có một đặc điểm riêng chỉ chủ mới biết.', N'8cd3d438-f129-46a2-a8ba-44d454d541b7', NULL, 0, 0, CAST(N'2026-05-31T23:25:10.2245955' AS DateTime2))
INSERT [dbo].[FoundItem] ([Id], [Title], [Description], [CategoryId], [LocationId], [FoundAt], [Status], [HoldingType], [StorageLocation], [PrivateMarks], [ReporterUserId], [CustodianStaffId], [HolderConfirmedHandover], [ClaimantConfirmedHandover], [CreatedAt]) VALUES (19, N'Thẻ ATM', N'Thẻ ngân hàng. Màu xám.', 13, 4, CAST(N'2026-06-23T10:29:10.2245955' AS DateTime2), 1, 0, NULL, N'Có một đặc điểm riêng chỉ chủ mới biết.', N'df754c46-45b7-4771-b550-893ef7a85390', NULL, 0, 0, CAST(N'2026-06-23T12:39:10.2245955' AS DateTime2))
INSERT [dbo].[FoundItem] ([Id], [Title], [Description], [CategoryId], [LocationId], [FoundAt], [Status], [HoldingType], [StorageLocation], [PrivateMarks], [ReporterUserId], [CustodianStaffId], [HolderConfirmedHandover], [ClaimantConfirmedHandover], [CreatedAt]) VALUES (20, N'Món đồ nhỏ', N'Món đồ nhỏ nhặt được, chưa rõ chủ. Màu xám.', 31, 2, CAST(N'2026-07-07T22:33:10.2245955' AS DateTime2), 1, 0, NULL, N'Có một đặc điểm riêng chỉ chủ mới biết.', N'5b3be607-bddf-4500-be13-f6501eb60f96', NULL, 0, 0, CAST(N'2026-07-08T00:35:10.2245955' AS DateTime2))
INSERT [dbo].[FoundItem] ([Id], [Title], [Description], [CategoryId], [LocationId], [FoundAt], [Status], [HoldingType], [StorageLocation], [PrivateMarks], [ReporterUserId], [CustodianStaffId], [HolderConfirmedHandover], [ClaimantConfirmedHandover], [CreatedAt]) VALUES (21, N'Chuột không dây', N'Chuột Logitech. Màu xanh.', 7, 9, CAST(N'2026-06-20T07:44:10.2245955' AS DateTime2), 1, 0, NULL, NULL, N'ab5a9ac2-181c-4481-9a66-32c79eb01727', NULL, 0, 0, CAST(N'2026-06-20T08:53:10.2245955' AS DateTime2))
INSERT [dbo].[FoundItem] ([Id], [Title], [Description], [CategoryId], [LocationId], [FoundAt], [Status], [HoldingType], [StorageLocation], [PrivateMarks], [ReporterUserId], [CustodianStaffId], [HolderConfirmedHandover], [ClaimantConfirmedHandover], [CreatedAt]) VALUES (22, N'Món đồ nhỏ', N'Món đồ nhỏ nhặt được, chưa rõ chủ. Màu be.', 31, 4, CAST(N'2026-06-29T10:00:10.2245955' AS DateTime2), 1, 0, NULL, NULL, N'b69520e7-a38a-4e8e-96d4-20dabd297cbf', NULL, 0, 0, CAST(N'2026-06-29T12:59:10.2245955' AS DateTime2))
INSERT [dbo].[FoundItem] ([Id], [Title], [Description], [CategoryId], [LocationId], [FoundAt], [Status], [HoldingType], [StorageLocation], [PrivateMarks], [ReporterUserId], [CustodianStaffId], [HolderConfirmedHandover], [ClaimantConfirmedHandover], [CreatedAt]) VALUES (23, N'iPhone 13', N'Điện thoại đã khoá màn hình, còn pin. Màu trắng.', 2, 1, CAST(N'2026-05-31T23:00:10.2245955' AS DateTime2), 1, 0, NULL, N'Có một đặc điểm riêng chỉ chủ mới biết.', N'5b3be607-bddf-4500-be13-f6501eb60f96', NULL, 0, 0, CAST(N'2026-05-31T23:42:10.2245955' AS DateTime2))
INSERT [dbo].[FoundItem] ([Id], [Title], [Description], [CategoryId], [LocationId], [FoundAt], [Status], [HoldingType], [StorageLocation], [PrivateMarks], [ReporterUserId], [CustodianStaffId], [HolderConfirmedHandover], [ClaimantConfirmedHandover], [CreatedAt]) VALUES (24, N'CCCD gắn chip', N'Căn cước công dân. Màu xám.', 11, 1, CAST(N'2026-06-10T19:55:10.2245955' AS DateTime2), 1, 0, NULL, N'Có một đặc điểm riêng chỉ chủ mới biết.', N'99b5a892-dee1-4a3a-883e-f416fad14bc6', NULL, 0, 0, CAST(N'2026-06-10T21:35:10.2245955' AS DateTime2))
INSERT [dbo].[FoundItem] ([Id], [Title], [Description], [CategoryId], [LocationId], [FoundAt], [Status], [HoldingType], [StorageLocation], [PrivateMarks], [ReporterUserId], [CustodianStaffId], [HolderConfirmedHandover], [ClaimantConfirmedHandover], [CreatedAt]) VALUES (25, N'Mũ bảo hiểm', N'Nón bảo hiểm nửa đầu. Màu đỏ.', 25, 6, CAST(N'2026-07-07T04:55:10.2245955' AS DateTime2), 1, 0, NULL, N'Có một đặc điểm riêng chỉ chủ mới biết.', N'b69520e7-a38a-4e8e-96d4-20dabd297cbf', NULL, 0, 0, CAST(N'2026-07-07T05:03:10.2245955' AS DateTime2))
INSERT [dbo].[FoundItem] ([Id], [Title], [Description], [CategoryId], [LocationId], [FoundAt], [Status], [HoldingType], [StorageLocation], [PrivateMarks], [ReporterUserId], [CustodianStaffId], [HolderConfirmedHandover], [ClaimantConfirmedHandover], [CreatedAt]) VALUES (26, N'Thẻ ATM', N'Thẻ ngân hàng. Màu xám.', 13, 7, CAST(N'2026-06-24T00:33:10.2245955' AS DateTime2), 1, 0, NULL, NULL, N'df754c46-45b7-4771-b550-893ef7a85390', NULL, 0, 0, CAST(N'2026-06-24T03:03:10.2245955' AS DateTime2))
INSERT [dbo].[FoundItem] ([Id], [Title], [Description], [CategoryId], [LocationId], [FoundAt], [Status], [HoldingType], [StorageLocation], [PrivateMarks], [ReporterUserId], [CustodianStaffId], [HolderConfirmedHandover], [ClaimantConfirmedHandover], [CreatedAt]) VALUES (27, N'Thẻ ATM', N'Thẻ ngân hàng. Màu nâu.', 13, 9, CAST(N'2026-05-25T21:57:10.2245955' AS DateTime2), 1, 0, NULL, NULL, N'99b5a892-dee1-4a3a-883e-f416fad14bc6', NULL, 0, 0, CAST(N'2026-05-25T23:59:10.2245955' AS DateTime2))
INSERT [dbo].[FoundItem] ([Id], [Title], [Description], [CategoryId], [LocationId], [FoundAt], [Status], [HoldingType], [StorageLocation], [PrivateMarks], [ReporterUserId], [CustodianStaffId], [HolderConfirmedHandover], [ClaimantConfirmedHandover], [CreatedAt]) VALUES (28, N'Thẻ ATM', N'Thẻ ngân hàng. Màu nâu.', 13, 9, CAST(N'2026-07-09T00:35:10.2245955' AS DateTime2), 1, 0, NULL, NULL, N'5b3be607-bddf-4500-be13-f6501eb60f96', NULL, 0, 0, CAST(N'2026-07-09T02:13:10.2245955' AS DateTime2))
INSERT [dbo].[FoundItem] ([Id], [Title], [Description], [CategoryId], [LocationId], [FoundAt], [Status], [HoldingType], [StorageLocation], [PrivateMarks], [ReporterUserId], [CustodianStaffId], [HolderConfirmedHandover], [ClaimantConfirmedHandover], [CreatedAt]) VALUES (29, N'Bình giữ nhiệt', N'Bình giữ nhiệt còn nước. Màu hồng.', 24, 5, CAST(N'2026-07-11T02:39:10.2245955' AS DateTime2), 0, 1, NULL, NULL, N'643f61f6-4b5c-40fc-89eb-a5f30b040ea9', NULL, 0, 0, CAST(N'2026-07-11T04:26:10.2245955' AS DateTime2))
INSERT [dbo].[FoundItem] ([Id], [Title], [Description], [CategoryId], [LocationId], [FoundAt], [Status], [HoldingType], [StorageLocation], [PrivateMarks], [ReporterUserId], [CustodianStaffId], [HolderConfirmedHandover], [ClaimantConfirmedHandover], [CreatedAt]) VALUES (30, N'Laptop Dell', N'Laptop trong túi chống sốc. Màu be.', 3, 8, CAST(N'2026-06-04T23:46:10.2245955' AS DateTime2), 1, 0, NULL, N'Có một đặc điểm riêng chỉ chủ mới biết.', N'8cd3d438-f129-46a2-a8ba-44d454d541b7', NULL, 0, 0, CAST(N'2026-06-05T01:54:10.2245955' AS DateTime2))
INSERT [dbo].[FoundItem] ([Id], [Title], [Description], [CategoryId], [LocationId], [FoundAt], [Status], [HoldingType], [StorageLocation], [PrivateMarks], [ReporterUserId], [CustodianStaffId], [HolderConfirmedHandover], [ClaimantConfirmedHandover], [CreatedAt]) VALUES (31, N'Túi xách nữ', N'Túi xách nhỏ. Màu đỏ.', 17, 9, CAST(N'2026-05-24T03:16:10.2245955' AS DateTime2), 1, 0, NULL, NULL, N'2101af1e-bd9c-4d7d-aa92-40fae6538117', NULL, 0, 0, CAST(N'2026-05-24T04:16:10.2245955' AS DateTime2))
INSERT [dbo].[FoundItem] ([Id], [Title], [Description], [CategoryId], [LocationId], [FoundAt], [Status], [HoldingType], [StorageLocation], [PrivateMarks], [ReporterUserId], [CustodianStaffId], [HolderConfirmedHandover], [ClaimantConfirmedHandover], [CreatedAt]) VALUES (32, N'Món đồ nhỏ', N'Món đồ nhỏ nhặt được, chưa rõ chủ. Màu nâu.', 31, 9, CAST(N'2026-06-16T23:34:10.2245955' AS DateTime2), 0, 1, NULL, N'Có một đặc điểm riêng chỉ chủ mới biết.', N'5b3be607-bddf-4500-be13-f6501eb60f96', NULL, 0, 0, CAST(N'2026-06-17T02:22:10.2245955' AS DateTime2))
INSERT [dbo].[FoundItem] ([Id], [Title], [Description], [CategoryId], [LocationId], [FoundAt], [Status], [HoldingType], [StorageLocation], [PrivateMarks], [ReporterUserId], [CustodianStaffId], [HolderConfirmedHandover], [ClaimantConfirmedHandover], [CreatedAt]) VALUES (33, N'Túi xách nữ', N'Túi xách nhỏ. Màu hồng.', 17, 1, CAST(N'2026-06-10T17:21:10.2245955' AS DateTime2), 1, 0, NULL, N'Có một đặc điểm riêng chỉ chủ mới biết.', N'2101af1e-bd9c-4d7d-aa92-40fae6538117', NULL, 0, 0, CAST(N'2026-06-10T19:23:10.2245955' AS DateTime2))
INSERT [dbo].[FoundItem] ([Id], [Title], [Description], [CategoryId], [LocationId], [FoundAt], [Status], [HoldingType], [StorageLocation], [PrivateMarks], [ReporterUserId], [CustodianStaffId], [HolderConfirmedHandover], [ClaimantConfirmedHandover], [CreatedAt]) VALUES (34, N'Món đồ nhỏ', N'Món đồ nhỏ nhặt được, chưa rõ chủ. Màu trắng.', 31, 12, CAST(N'2026-06-23T23:18:10.2245955' AS DateTime2), 1, 0, NULL, N'Có một đặc điểm riêng chỉ chủ mới biết.', N'826e7014-bd04-4b35-a545-5395a53b1d44', NULL, 0, 0, CAST(N'2026-06-24T00:24:10.2245955' AS DateTime2))
INSERT [dbo].[FoundItem] ([Id], [Title], [Description], [CategoryId], [LocationId], [FoundAt], [Status], [HoldingType], [StorageLocation], [PrivateMarks], [ReporterUserId], [CustodianStaffId], [HolderConfirmedHandover], [ClaimantConfirmedHandover], [CreatedAt]) VALUES (35, N'Bằng lái xe A1', N'Giấy phép lái xe. Màu be.', 12, 11, CAST(N'2026-06-04T09:33:10.2245955' AS DateTime2), 0, 1, NULL, NULL, N'2ceaa0f0-cb00-468f-a11d-8f8a4846f42c', NULL, 0, 0, CAST(N'2026-06-04T10:08:10.2245955' AS DateTime2))
INSERT [dbo].[FoundItem] ([Id], [Title], [Description], [CategoryId], [LocationId], [FoundAt], [Status], [HoldingType], [StorageLocation], [PrivateMarks], [ReporterUserId], [CustodianStaffId], [HolderConfirmedHandover], [ClaimantConfirmedHandover], [CreatedAt]) VALUES (36, N'Máy tính bảng iPad', N'iPad còn bao da. Màu nâu.', 4, 9, CAST(N'2026-07-07T16:21:10.2245955' AS DateTime2), 1, 0, NULL, NULL, N'ab5a9ac2-181c-4481-9a66-32c79eb01727', NULL, 0, 0, CAST(N'2026-07-07T16:45:10.2245955' AS DateTime2))
INSERT [dbo].[FoundItem] ([Id], [Title], [Description], [CategoryId], [LocationId], [FoundAt], [Status], [HoldingType], [StorageLocation], [PrivateMarks], [ReporterUserId], [CustodianStaffId], [HolderConfirmedHandover], [ClaimantConfirmedHandover], [CreatedAt]) VALUES (37, N'Chùm chìa khoá xe máy', N'Chùm chìa khoá kèm móc treo. Màu hồng.', 21, 7, CAST(N'2026-06-16T07:22:10.2245955' AS DateTime2), 1, 0, NULL, N'Có một đặc điểm riêng chỉ chủ mới biết.', N'2ceaa0f0-cb00-468f-a11d-8f8a4846f42c', NULL, 0, 0, CAST(N'2026-06-16T07:46:10.2245955' AS DateTime2))
INSERT [dbo].[FoundItem] ([Id], [Title], [Description], [CategoryId], [LocationId], [FoundAt], [Status], [HoldingType], [StorageLocation], [PrivateMarks], [ReporterUserId], [CustodianStaffId], [HolderConfirmedHandover], [ClaimantConfirmedHandover], [CreatedAt]) VALUES (38, N'Kính cận gọng nhựa', N'Kính cận đựng trong hộp. Màu hồng.', 22, 5, CAST(N'2026-06-04T08:41:10.2245955' AS DateTime2), 1, 0, NULL, N'Có một đặc điểm riêng chỉ chủ mới biết.', N'a211edff-8072-43c6-b5c7-127e863d94a6', NULL, 0, 0, CAST(N'2026-06-04T09:25:10.2245955' AS DateTime2))
INSERT [dbo].[FoundItem] ([Id], [Title], [Description], [CategoryId], [LocationId], [FoundAt], [Status], [HoldingType], [StorageLocation], [PrivateMarks], [ReporterUserId], [CustodianStaffId], [HolderConfirmedHandover], [ClaimantConfirmedHandover], [CreatedAt]) VALUES (39, N'Laptop Dell', N'Laptop trong túi chống sốc. Màu xanh.', 3, 2, CAST(N'2026-05-28T01:23:10.2245955' AS DateTime2), 1, 0, NULL, N'Có một đặc điểm riêng chỉ chủ mới biết.', N'c5bd4ae5-9dbe-4126-b596-80cdd5718eee', NULL, 0, 0, CAST(N'2026-05-28T01:59:10.2245955' AS DateTime2))
INSERT [dbo].[FoundItem] ([Id], [Title], [Description], [CategoryId], [LocationId], [FoundAt], [Status], [HoldingType], [StorageLocation], [PrivateMarks], [ReporterUserId], [CustodianStaffId], [HolderConfirmedHandover], [ClaimantConfirmedHandover], [CreatedAt]) VALUES (40, N'Món đồ nhỏ', N'Món đồ nhỏ nhặt được, chưa rõ chủ. Màu be.', 31, 12, CAST(N'2026-06-14T21:01:10.2245955' AS DateTime2), 0, 1, NULL, N'Có một đặc điểm riêng chỉ chủ mới biết.', N'df754c46-45b7-4771-b550-893ef7a85390', NULL, 0, 0, CAST(N'2026-06-14T23:15:10.2245955' AS DateTime2))
INSERT [dbo].[FoundItem] ([Id], [Title], [Description], [CategoryId], [LocationId], [FoundAt], [Status], [HoldingType], [StorageLocation], [PrivateMarks], [ReporterUserId], [CustodianStaffId], [HolderConfirmedHandover], [ClaimantConfirmedHandover], [CreatedAt]) VALUES (41, N'Túi xách nữ', N'Túi xách nhỏ. Màu trắng.', 17, 10, CAST(N'2026-05-26T07:46:10.2245955' AS DateTime2), 0, 1, NULL, NULL, N'df754c46-45b7-4771-b550-893ef7a85390', NULL, 0, 0, CAST(N'2026-05-26T09:15:10.2245955' AS DateTime2))
INSERT [dbo].[FoundItem] ([Id], [Title], [Description], [CategoryId], [LocationId], [FoundAt], [Status], [HoldingType], [StorageLocation], [PrivateMarks], [ReporterUserId], [CustodianStaffId], [HolderConfirmedHandover], [ClaimantConfirmedHandover], [CreatedAt]) VALUES (42, N'Máy tính bảng iPad', N'iPad còn bao da. Màu hồng.', 4, 3, CAST(N'2026-05-18T02:03:10.2245955' AS DateTime2), 1, 0, NULL, N'Có một đặc điểm riêng chỉ chủ mới biết.', N'fdd8a67b-d384-4698-aac0-baa276e40c6c', NULL, 0, 0, CAST(N'2026-05-18T02:44:10.2245955' AS DateTime2))
INSERT [dbo].[FoundItem] ([Id], [Title], [Description], [CategoryId], [LocationId], [FoundAt], [Status], [HoldingType], [StorageLocation], [PrivateMarks], [ReporterUserId], [CustodianStaffId], [HolderConfirmedHandover], [ClaimantConfirmedHandover], [CreatedAt]) VALUES (43, N'Món đồ nhỏ', N'Món đồ nhỏ nhặt được, chưa rõ chủ. Màu nâu.', 31, 8, CAST(N'2026-06-01T19:34:10.2245955' AS DateTime2), 1, 0, NULL, N'Có một đặc điểm riêng chỉ chủ mới biết.', N'5d81a090-d2f4-4c6a-9bbe-20869bd5b4f7', NULL, 0, 0, CAST(N'2026-06-01T20:18:10.2245955' AS DateTime2))
INSERT [dbo].[FoundItem] ([Id], [Title], [Description], [CategoryId], [LocationId], [FoundAt], [Status], [HoldingType], [StorageLocation], [PrivateMarks], [ReporterUserId], [CustodianStaffId], [HolderConfirmedHandover], [ClaimantConfirmedHandover], [CreatedAt]) VALUES (44, N'Chùm chìa khoá xe máy', N'Chùm chìa khoá kèm móc treo. Màu xanh.', 21, 12, CAST(N'2026-07-10T21:49:10.2245955' AS DateTime2), 1, 0, NULL, NULL, N'99b5a892-dee1-4a3a-883e-f416fad14bc6', NULL, 0, 0, CAST(N'2026-07-10T22:30:10.2245955' AS DateTime2))
INSERT [dbo].[FoundItem] ([Id], [Title], [Description], [CategoryId], [LocationId], [FoundAt], [Status], [HoldingType], [StorageLocation], [PrivateMarks], [ReporterUserId], [CustodianStaffId], [HolderConfirmedHandover], [ClaimantConfirmedHandover], [CreatedAt]) VALUES (45, N'Kính cận gọng nhựa', N'Kính cận đựng trong hộp. Màu nâu.', 22, 1, CAST(N'2026-05-18T19:42:10.2245955' AS DateTime2), 1, 0, NULL, NULL, N'a211edff-8072-43c6-b5c7-127e863d94a6', NULL, 0, 0, CAST(N'2026-05-18T21:47:10.2245955' AS DateTime2))
INSERT [dbo].[FoundItem] ([Id], [Title], [Description], [CategoryId], [LocationId], [FoundAt], [Status], [HoldingType], [StorageLocation], [PrivateMarks], [ReporterUserId], [CustodianStaffId], [HolderConfirmedHandover], [ClaimantConfirmedHandover], [CreatedAt]) VALUES (46, N'Samsung Galaxy', N'Điện thoại Android màn hình lớn. Màu be.', 2, 12, CAST(N'2026-05-24T00:42:10.2245955' AS DateTime2), 1, 0, NULL, NULL, N'5944c50f-c625-4ac0-badb-4357a195f96e', NULL, 0, 0, CAST(N'2026-05-24T03:21:10.2245955' AS DateTime2))
INSERT [dbo].[FoundItem] ([Id], [Title], [Description], [CategoryId], [LocationId], [FoundAt], [Status], [HoldingType], [StorageLocation], [PrivateMarks], [ReporterUserId], [CustodianStaffId], [HolderConfirmedHandover], [ClaimantConfirmedHandover], [CreatedAt]) VALUES (47, N'Sạc dự phòng', N'Pin sạc dự phòng. Màu be.', 6, 12, CAST(N'2026-05-28T02:55:10.2245955' AS DateTime2), 1, 0, NULL, N'Có một đặc điểm riêng chỉ chủ mới biết.', N'2ceaa0f0-cb00-468f-a11d-8f8a4846f42c', NULL, 0, 0, CAST(N'2026-05-28T05:31:10.2245955' AS DateTime2))
INSERT [dbo].[FoundItem] ([Id], [Title], [Description], [CategoryId], [LocationId], [FoundAt], [Status], [HoldingType], [StorageLocation], [PrivateMarks], [ReporterUserId], [CustodianStaffId], [HolderConfirmedHandover], [ClaimantConfirmedHandover], [CreatedAt]) VALUES (48, N'Thẻ sinh viên', N'Thẻ SV có ảnh và mã số sinh viên. Màu trắng.', 10, 11, CAST(N'2026-06-19T17:31:10.2245955' AS DateTime2), 1, 0, NULL, N'Có một đặc điểm riêng chỉ chủ mới biết.', N'5944c50f-c625-4ac0-badb-4357a195f96e', NULL, 0, 0, CAST(N'2026-06-19T19:17:10.2245955' AS DateTime2))
INSERT [dbo].[FoundItem] ([Id], [Title], [Description], [CategoryId], [LocationId], [FoundAt], [Status], [HoldingType], [StorageLocation], [PrivateMarks], [ReporterUserId], [CustodianStaffId], [HolderConfirmedHandover], [ClaimantConfirmedHandover], [CreatedAt]) VALUES (49, N'Ví da nam', N'Ví da nam, bên trong còn vài loại thẻ. Màu hồng.', 16, 3, CAST(N'2026-05-16T17:33:10.2245955' AS DateTime2), 1, 0, NULL, NULL, N'e726eb22-f69e-4653-9d86-ddd6666ef28b', NULL, 0, 0, CAST(N'2026-05-16T18:55:10.2245955' AS DateTime2))
INSERT [dbo].[FoundItem] ([Id], [Title], [Description], [CategoryId], [LocationId], [FoundAt], [Status], [HoldingType], [StorageLocation], [PrivateMarks], [ReporterUserId], [CustodianStaffId], [HolderConfirmedHandover], [ClaimantConfirmedHandover], [CreatedAt]) VALUES (50, N'Chuột không dây', N'Chuột Logitech. Màu đỏ.', 7, 4, CAST(N'2026-06-30T14:21:10.2245955' AS DateTime2), 1, 0, NULL, NULL, N'caaf0ff3-db0f-479d-8865-042b004ebfae', NULL, 0, 0, CAST(N'2026-06-30T15:07:10.2245955' AS DateTime2))
INSERT [dbo].[FoundItem] ([Id], [Title], [Description], [CategoryId], [LocationId], [FoundAt], [Status], [HoldingType], [StorageLocation], [PrivateMarks], [ReporterUserId], [CustodianStaffId], [HolderConfirmedHandover], [ClaimantConfirmedHandover], [CreatedAt]) VALUES (51, N'Mũ bảo hiểm', N'Nón bảo hiểm nửa đầu. Màu đen.', 25, 10, CAST(N'2026-05-31T10:43:10.2245955' AS DateTime2), 1, 0, NULL, N'Có một đặc điểm riêng chỉ chủ mới biết.', N'5d81a090-d2f4-4c6a-9bbe-20869bd5b4f7', NULL, 0, 0, CAST(N'2026-05-31T11:10:10.2245955' AS DateTime2))
INSERT [dbo].[FoundItem] ([Id], [Title], [Description], [CategoryId], [LocationId], [FoundAt], [Status], [HoldingType], [StorageLocation], [PrivateMarks], [ReporterUserId], [CustodianStaffId], [HolderConfirmedHandover], [ClaimantConfirmedHandover], [CreatedAt]) VALUES (52, N'Thẻ ATM', N'Thẻ ngân hàng. Màu đen.', 13, 12, CAST(N'2026-05-30T01:56:10.2245955' AS DateTime2), 1, 0, NULL, N'Có một đặc điểm riêng chỉ chủ mới biết.', N'5944c50f-c625-4ac0-badb-4357a195f96e', NULL, 0, 0, CAST(N'2026-05-30T03:22:10.2245955' AS DateTime2))
INSERT [dbo].[FoundItem] ([Id], [Title], [Description], [CategoryId], [LocationId], [FoundAt], [Status], [HoldingType], [StorageLocation], [PrivateMarks], [ReporterUserId], [CustodianStaffId], [HolderConfirmedHandover], [ClaimantConfirmedHandover], [CreatedAt]) VALUES (53, N'Chùm chìa khoá xe máy', N'Chùm chìa khoá kèm móc treo. Màu nâu.', 21, 6, CAST(N'2026-06-06T23:41:10.2245955' AS DateTime2), 1, 0, NULL, NULL, N'8cd3d438-f129-46a2-a8ba-44d454d541b7', NULL, 0, 0, CAST(N'2026-06-07T00:39:10.2245955' AS DateTime2))
INSERT [dbo].[FoundItem] ([Id], [Title], [Description], [CategoryId], [LocationId], [FoundAt], [Status], [HoldingType], [StorageLocation], [PrivateMarks], [ReporterUserId], [CustodianStaffId], [HolderConfirmedHandover], [ClaimantConfirmedHandover], [CreatedAt]) VALUES (54, N'Sổ tay', N'Sổ ghi chép bìa cứng. Màu đỏ.', 14, 3, CAST(N'2026-06-24T10:53:10.2245955' AS DateTime2), 1, 0, NULL, NULL, N'caaf0ff3-db0f-479d-8865-042b004ebfae', NULL, 0, 0, CAST(N'2026-06-24T13:29:10.2245955' AS DateTime2))
INSERT [dbo].[FoundItem] ([Id], [Title], [Description], [CategoryId], [LocationId], [FoundAt], [Status], [HoldingType], [StorageLocation], [PrivateMarks], [ReporterUserId], [CustodianStaffId], [HolderConfirmedHandover], [ClaimantConfirmedHandover], [CreatedAt]) VALUES (55, N'Bằng lái xe A1', N'Giấy phép lái xe. Màu nâu.', 12, 3, CAST(N'2026-05-30T08:01:10.2245955' AS DateTime2), 1, 0, NULL, NULL, N'f8148f03-af79-48ba-a5c3-b4953cb49919', NULL, 0, 0, CAST(N'2026-05-30T09:26:10.2245955' AS DateTime2))
INSERT [dbo].[FoundItem] ([Id], [Title], [Description], [CategoryId], [LocationId], [FoundAt], [Status], [HoldingType], [StorageLocation], [PrivateMarks], [ReporterUserId], [CustodianStaffId], [HolderConfirmedHandover], [ClaimantConfirmedHandover], [CreatedAt]) VALUES (56, N'Sạc dự phòng', N'Pin sạc dự phòng. Màu xanh.', 6, 12, CAST(N'2026-06-10T00:30:10.2245955' AS DateTime2), 1, 0, NULL, NULL, N'b69520e7-a38a-4e8e-96d4-20dabd297cbf', NULL, 0, 0, CAST(N'2026-06-10T01:23:10.2245955' AS DateTime2))
INSERT [dbo].[FoundItem] ([Id], [Title], [Description], [CategoryId], [LocationId], [FoundAt], [Status], [HoldingType], [StorageLocation], [PrivateMarks], [ReporterUserId], [CustodianStaffId], [HolderConfirmedHandover], [ClaimantConfirmedHandover], [CreatedAt]) VALUES (57, N'Máy tính bảng iPad', N'iPad còn bao da. Màu trắng.', 4, 7, CAST(N'2026-05-15T10:14:10.2245955' AS DateTime2), 0, 1, NULL, NULL, N'c5bd4ae5-9dbe-4126-b596-80cdd5718eee', NULL, 0, 0, CAST(N'2026-05-15T10:50:10.2245955' AS DateTime2))
INSERT [dbo].[FoundItem] ([Id], [Title], [Description], [CategoryId], [LocationId], [FoundAt], [Status], [HoldingType], [StorageLocation], [PrivateMarks], [ReporterUserId], [CustodianStaffId], [HolderConfirmedHandover], [ClaimantConfirmedHandover], [CreatedAt]) VALUES (58, N'Ô gấp', N'Ô/dù gấp gọn. Màu đen.', 23, 7, CAST(N'2026-06-01T17:07:10.2245955' AS DateTime2), 1, 0, NULL, NULL, N'c5bd4ae5-9dbe-4126-b596-80cdd5718eee', NULL, 0, 0, CAST(N'2026-06-01T17:45:10.2245955' AS DateTime2))
INSERT [dbo].[FoundItem] ([Id], [Title], [Description], [CategoryId], [LocationId], [FoundAt], [Status], [HoldingType], [StorageLocation], [PrivateMarks], [ReporterUserId], [CustodianStaffId], [HolderConfirmedHandover], [ClaimantConfirmedHandover], [CreatedAt]) VALUES (59, N'Apple Watch', N'Đồng hồ thông minh. Màu be.', 8, 10, CAST(N'2026-06-04T00:36:10.2245955' AS DateTime2), 0, 1, NULL, NULL, N'a211edff-8072-43c6-b5c7-127e863d94a6', NULL, 0, 0, CAST(N'2026-06-04T01:11:10.2245955' AS DateTime2))
INSERT [dbo].[FoundItem] ([Id], [Title], [Description], [CategoryId], [LocationId], [FoundAt], [Status], [HoldingType], [StorageLocation], [PrivateMarks], [ReporterUserId], [CustodianStaffId], [HolderConfirmedHandover], [ClaimantConfirmedHandover], [CreatedAt]) VALUES (60, N'Ô gấp', N'Ô/dù gấp gọn. Màu nâu.', 23, 1, CAST(N'2026-07-02T08:22:10.2245955' AS DateTime2), 1, 0, NULL, N'Có một đặc điểm riêng chỉ chủ mới biết.', N'ab5a9ac2-181c-4481-9a66-32c79eb01727', NULL, 0, 0, CAST(N'2026-07-02T10:04:10.2245955' AS DateTime2))
INSERT [dbo].[FoundItem] ([Id], [Title], [Description], [CategoryId], [LocationId], [FoundAt], [Status], [HoldingType], [StorageLocation], [PrivateMarks], [ReporterUserId], [CustodianStaffId], [HolderConfirmedHandover], [ClaimantConfirmedHandover], [CreatedAt]) VALUES (61, N'Laptop Dell', N'Laptop trong túi chống sốc. Màu đen.', 3, 12, CAST(N'2026-06-29T18:32:10.2245955' AS DateTime2), 1, 0, NULL, N'Có một đặc điểm riêng chỉ chủ mới biết.', N'fdd8a67b-d384-4698-aac0-baa276e40c6c', NULL, 0, 0, CAST(N'2026-06-29T19:35:10.2245955' AS DateTime2))
INSERT [dbo].[FoundItem] ([Id], [Title], [Description], [CategoryId], [LocationId], [FoundAt], [Status], [HoldingType], [StorageLocation], [PrivateMarks], [ReporterUserId], [CustodianStaffId], [HolderConfirmedHandover], [ClaimantConfirmedHandover], [CreatedAt]) VALUES (62, N'iPhone 13', N'Điện thoại đã khoá màn hình, còn pin. Màu đen.', 2, 10, CAST(N'2026-07-11T01:59:10.2245955' AS DateTime2), 1, 0, NULL, N'Có một đặc điểm riêng chỉ chủ mới biết.', N'df754c46-45b7-4771-b550-893ef7a85390', NULL, 0, 0, CAST(N'2026-07-11T03:44:10.2245955' AS DateTime2))
INSERT [dbo].[FoundItem] ([Id], [Title], [Description], [CategoryId], [LocationId], [FoundAt], [Status], [HoldingType], [StorageLocation], [PrivateMarks], [ReporterUserId], [CustodianStaffId], [HolderConfirmedHandover], [ClaimantConfirmedHandover], [CreatedAt]) VALUES (63, N'Chuột không dây', N'Chuột Logitech. Màu xanh.', 7, 10, CAST(N'2026-06-18T21:33:10.2245955' AS DateTime2), 1, 0, NULL, NULL, N'5b3be607-bddf-4500-be13-f6501eb60f96', NULL, 0, 0, CAST(N'2026-06-18T21:44:10.2245955' AS DateTime2))
INSERT [dbo].[FoundItem] ([Id], [Title], [Description], [CategoryId], [LocationId], [FoundAt], [Status], [HoldingType], [StorageLocation], [PrivateMarks], [ReporterUserId], [CustodianStaffId], [HolderConfirmedHandover], [ClaimantConfirmedHandover], [CreatedAt]) VALUES (64, N'Ô gấp', N'Ô/dù gấp gọn. Màu xanh.', 23, 10, CAST(N'2026-07-06T05:36:10.2245955' AS DateTime2), 1, 0, NULL, NULL, N'5b3be607-bddf-4500-be13-f6501eb60f96', NULL, 0, 0, CAST(N'2026-07-06T06:08:10.2245955' AS DateTime2))
INSERT [dbo].[FoundItem] ([Id], [Title], [Description], [CategoryId], [LocationId], [FoundAt], [Status], [HoldingType], [StorageLocation], [PrivateMarks], [ReporterUserId], [CustodianStaffId], [HolderConfirmedHandover], [ClaimantConfirmedHandover], [CreatedAt]) VALUES (65, N'Bằng lái xe A1', N'Giấy phép lái xe. Màu đỏ.', 12, 12, CAST(N'2026-07-05T09:04:10.2245955' AS DateTime2), 1, 0, NULL, NULL, N'fdd8a67b-d384-4698-aac0-baa276e40c6c', NULL, 0, 0, CAST(N'2026-07-05T10:49:10.2245955' AS DateTime2))
INSERT [dbo].[FoundItem] ([Id], [Title], [Description], [CategoryId], [LocationId], [FoundAt], [Status], [HoldingType], [StorageLocation], [PrivateMarks], [ReporterUserId], [CustodianStaffId], [HolderConfirmedHandover], [ClaimantConfirmedHandover], [CreatedAt]) VALUES (66, N'Đồng hồ đeo tay', N'Đồng hồ dây da. Màu be.', 26, 8, CAST(N'2026-06-17T03:23:10.2245955' AS DateTime2), 1, 0, NULL, N'Có một đặc điểm riêng chỉ chủ mới biết.', N'2ceaa0f0-cb00-468f-a11d-8f8a4846f42c', NULL, 0, 0, CAST(N'2026-06-17T05:46:10.2245955' AS DateTime2))
INSERT [dbo].[FoundItem] ([Id], [Title], [Description], [CategoryId], [LocationId], [FoundAt], [Status], [HoldingType], [StorageLocation], [PrivateMarks], [ReporterUserId], [CustodianStaffId], [HolderConfirmedHandover], [ClaimantConfirmedHandover], [CreatedAt]) VALUES (67, N'Samsung Galaxy', N'Điện thoại Android màn hình lớn. Màu hồng.', 2, 6, CAST(N'2026-06-01T04:30:10.2245955' AS DateTime2), 1, 0, NULL, N'Có một đặc điểm riêng chỉ chủ mới biết.', N'df754c46-45b7-4771-b550-893ef7a85390', NULL, 0, 0, CAST(N'2026-06-01T04:47:10.2245955' AS DateTime2))
INSERT [dbo].[FoundItem] ([Id], [Title], [Description], [CategoryId], [LocationId], [FoundAt], [Status], [HoldingType], [StorageLocation], [PrivateMarks], [ReporterUserId], [CustodianStaffId], [HolderConfirmedHandover], [ClaimantConfirmedHandover], [CreatedAt]) VALUES (68, N'Máy tính bảng iPad', N'iPad còn bao da. Màu hồng.', 4, 4, CAST(N'2026-06-14T01:58:10.2245955' AS DateTime2), 0, 1, NULL, NULL, N'8cd3d438-f129-46a2-a8ba-44d454d541b7', NULL, 0, 0, CAST(N'2026-06-14T02:08:10.2245955' AS DateTime2))
INSERT [dbo].[FoundItem] ([Id], [Title], [Description], [CategoryId], [LocationId], [FoundAt], [Status], [HoldingType], [StorageLocation], [PrivateMarks], [ReporterUserId], [CustodianStaffId], [HolderConfirmedHandover], [ClaimantConfirmedHandover], [CreatedAt]) VALUES (69, N'Kính cận gọng nhựa', N'Kính cận đựng trong hộp. Màu xám.', 22, 1, CAST(N'2026-06-11T17:11:10.2245955' AS DateTime2), 1, 0, NULL, N'Có một đặc điểm riêng chỉ chủ mới biết.', N'ab5a9ac2-181c-4481-9a66-32c79eb01727', NULL, 0, 0, CAST(N'2026-06-11T19:27:10.2245955' AS DateTime2))
INSERT [dbo].[FoundItem] ([Id], [Title], [Description], [CategoryId], [LocationId], [FoundAt], [Status], [HoldingType], [StorageLocation], [PrivateMarks], [ReporterUserId], [CustodianStaffId], [HolderConfirmedHandover], [ClaimantConfirmedHandover], [CreatedAt]) VALUES (70, N'Máy tính bảng iPad', N'iPad còn bao da. Màu hồng.', 4, 1, CAST(N'2026-07-12T01:37:10.2245955' AS DateTime2), 1, 0, NULL, N'Có một đặc điểm riêng chỉ chủ mới biết.', N'b69520e7-a38a-4e8e-96d4-20dabd297cbf', NULL, 0, 0, CAST(N'2026-07-12T03:24:10.2245955' AS DateTime2))
INSERT [dbo].[FoundItem] ([Id], [Title], [Description], [CategoryId], [LocationId], [FoundAt], [Status], [HoldingType], [StorageLocation], [PrivateMarks], [ReporterUserId], [CustodianStaffId], [HolderConfirmedHandover], [ClaimantConfirmedHandover], [CreatedAt]) VALUES (71, N'Chuột không dây', N'Chuột Logitech. Màu be.', 7, 8, CAST(N'2026-05-22T16:05:10.2245955' AS DateTime2), 1, 0, NULL, NULL, N'643f61f6-4b5c-40fc-89eb-a5f30b040ea9', NULL, 0, 0, CAST(N'2026-05-22T18:48:10.2245955' AS DateTime2))
INSERT [dbo].[FoundItem] ([Id], [Title], [Description], [CategoryId], [LocationId], [FoundAt], [Status], [HoldingType], [StorageLocation], [PrivateMarks], [ReporterUserId], [CustodianStaffId], [HolderConfirmedHandover], [ClaimantConfirmedHandover], [CreatedAt]) VALUES (72, N'Sổ tay', N'Sổ ghi chép bìa cứng. Màu be.', 14, 11, CAST(N'2026-06-17T17:35:10.2245955' AS DateTime2), 1, 0, NULL, N'Có một đặc điểm riêng chỉ chủ mới biết.', N'a211edff-8072-43c6-b5c7-127e863d94a6', NULL, 0, 0, CAST(N'2026-06-17T20:13:10.2245955' AS DateTime2))
INSERT [dbo].[FoundItem] ([Id], [Title], [Description], [CategoryId], [LocationId], [FoundAt], [Status], [HoldingType], [StorageLocation], [PrivateMarks], [ReporterUserId], [CustodianStaffId], [HolderConfirmedHandover], [ClaimantConfirmedHandover], [CreatedAt]) VALUES (73, N'Thẻ sinh viên', N'Thẻ SV có ảnh và mã số sinh viên. Màu xám.', 10, 5, CAST(N'2026-05-18T01:40:10.2245955' AS DateTime2), 1, 0, NULL, NULL, N'643f61f6-4b5c-40fc-89eb-a5f30b040ea9', NULL, 0, 0, CAST(N'2026-05-18T02:50:10.2245955' AS DateTime2))
INSERT [dbo].[FoundItem] ([Id], [Title], [Description], [CategoryId], [LocationId], [FoundAt], [Status], [HoldingType], [StorageLocation], [PrivateMarks], [ReporterUserId], [CustodianStaffId], [HolderConfirmedHandover], [ClaimantConfirmedHandover], [CreatedAt]) VALUES (74, N'Kính cận gọng nhựa', N'Kính cận đựng trong hộp. Màu xanh.', 22, 5, CAST(N'2026-05-29T13:17:10.2245955' AS DateTime2), 1, 0, NULL, NULL, N'ab5a9ac2-181c-4481-9a66-32c79eb01727', NULL, 0, 0, CAST(N'2026-05-29T13:24:10.2245955' AS DateTime2))
INSERT [dbo].[FoundItem] ([Id], [Title], [Description], [CategoryId], [LocationId], [FoundAt], [Status], [HoldingType], [StorageLocation], [PrivateMarks], [ReporterUserId], [CustodianStaffId], [HolderConfirmedHandover], [ClaimantConfirmedHandover], [CreatedAt]) VALUES (75, N'Tai nghe Bluetooth', N'Tai nghe không dây trong hộp sạc. Màu be.', 5, 6, CAST(N'2026-06-27T11:38:10.2245955' AS DateTime2), 1, 0, NULL, N'Có một đặc điểm riêng chỉ chủ mới biết.', N'e726eb22-f69e-4653-9d86-ddd6666ef28b', NULL, 0, 0, CAST(N'2026-06-27T14:32:10.2245955' AS DateTime2))
INSERT [dbo].[FoundItem] ([Id], [Title], [Description], [CategoryId], [LocationId], [FoundAt], [Status], [HoldingType], [StorageLocation], [PrivateMarks], [ReporterUserId], [CustodianStaffId], [HolderConfirmedHandover], [ClaimantConfirmedHandover], [CreatedAt]) VALUES (76, N'Sổ tay', N'Sổ ghi chép bìa cứng. Màu đỏ.', 14, 1, CAST(N'2026-05-30T14:45:10.2245955' AS DateTime2), 1, 0, NULL, NULL, N'ab5a9ac2-181c-4481-9a66-32c79eb01727', NULL, 0, 0, CAST(N'2026-05-30T15:20:10.2245955' AS DateTime2))
INSERT [dbo].[FoundItem] ([Id], [Title], [Description], [CategoryId], [LocationId], [FoundAt], [Status], [HoldingType], [StorageLocation], [PrivateMarks], [ReporterUserId], [CustodianStaffId], [HolderConfirmedHandover], [ClaimantConfirmedHandover], [CreatedAt]) VALUES (77, N'Món đồ nhỏ', N'Món đồ nhỏ nhặt được, chưa rõ chủ. Màu be.', 31, 7, CAST(N'2026-07-05T11:47:10.2245955' AS DateTime2), 1, 0, NULL, NULL, N'8cd3d438-f129-46a2-a8ba-44d454d541b7', NULL, 0, 0, CAST(N'2026-07-05T13:50:10.2245955' AS DateTime2))
INSERT [dbo].[FoundItem] ([Id], [Title], [Description], [CategoryId], [LocationId], [FoundAt], [Status], [HoldingType], [StorageLocation], [PrivateMarks], [ReporterUserId], [CustodianStaffId], [HolderConfirmedHandover], [ClaimantConfirmedHandover], [CreatedAt]) VALUES (78, N'Mũ bảo hiểm', N'Nón bảo hiểm nửa đầu. Màu hồng.', 25, 9, CAST(N'2026-05-31T08:56:10.2245955' AS DateTime2), 1, 0, NULL, N'Có một đặc điểm riêng chỉ chủ mới biết.', N'f3ecf69f-fb2f-4da7-9fc0-719f0c61a329', NULL, 0, 0, CAST(N'2026-05-31T11:54:10.2245955' AS DateTime2))
INSERT [dbo].[FoundItem] ([Id], [Title], [Description], [CategoryId], [LocationId], [FoundAt], [Status], [HoldingType], [StorageLocation], [PrivateMarks], [ReporterUserId], [CustodianStaffId], [HolderConfirmedHandover], [ClaimantConfirmedHandover], [CreatedAt]) VALUES (79, N'Chùm chìa khoá xe máy', N'Chùm chìa khoá kèm móc treo. Màu nâu.', 21, 12, CAST(N'2026-05-15T06:26:10.2245955' AS DateTime2), 1, 0, NULL, NULL, N'5b3be607-bddf-4500-be13-f6501eb60f96', NULL, 0, 0, CAST(N'2026-05-15T09:00:10.2245955' AS DateTime2))
INSERT [dbo].[FoundItem] ([Id], [Title], [Description], [CategoryId], [LocationId], [FoundAt], [Status], [HoldingType], [StorageLocation], [PrivateMarks], [ReporterUserId], [CustodianStaffId], [HolderConfirmedHandover], [ClaimantConfirmedHandover], [CreatedAt]) VALUES (80, N'Balo laptop', N'Balo có ngăn đựng laptop. Màu đỏ.', 18, 9, CAST(N'2026-06-26T15:53:10.2245955' AS DateTime2), 0, 1, NULL, NULL, N'f3ecf69f-fb2f-4da7-9fc0-719f0c61a329', NULL, 0, 0, CAST(N'2026-06-26T16:14:10.2245955' AS DateTime2))
INSERT [dbo].[FoundItem] ([Id], [Title], [Description], [CategoryId], [LocationId], [FoundAt], [Status], [HoldingType], [StorageLocation], [PrivateMarks], [ReporterUserId], [CustodianStaffId], [HolderConfirmedHandover], [ClaimantConfirmedHandover], [CreatedAt]) VALUES (81, N'Sổ tay', N'Sổ ghi chép bìa cứng. Màu hồng.', 14, 2, CAST(N'2026-07-07T09:08:10.2245955' AS DateTime2), 0, 1, NULL, NULL, N'df754c46-45b7-4771-b550-893ef7a85390', NULL, 0, 0, CAST(N'2026-07-07T11:19:10.2245955' AS DateTime2))
INSERT [dbo].[FoundItem] ([Id], [Title], [Description], [CategoryId], [LocationId], [FoundAt], [Status], [HoldingType], [StorageLocation], [PrivateMarks], [ReporterUserId], [CustodianStaffId], [HolderConfirmedHandover], [ClaimantConfirmedHandover], [CreatedAt]) VALUES (82, N'Chùm chìa khoá xe máy', N'Chùm chìa khoá kèm móc treo. Màu đỏ.', 21, 9, CAST(N'2026-05-17T12:16:10.2245955' AS DateTime2), 1, 0, NULL, NULL, N'ab5a9ac2-181c-4481-9a66-32c79eb01727', NULL, 0, 0, CAST(N'2026-05-17T12:45:10.2245955' AS DateTime2))
INSERT [dbo].[FoundItem] ([Id], [Title], [Description], [CategoryId], [LocationId], [FoundAt], [Status], [HoldingType], [StorageLocation], [PrivateMarks], [ReporterUserId], [CustodianStaffId], [HolderConfirmedHandover], [ClaimantConfirmedHandover], [CreatedAt]) VALUES (83, N'Kính cận gọng nhựa', N'Kính cận đựng trong hộp. Màu nâu.', 22, 4, CAST(N'2026-06-15T16:03:10.2245955' AS DateTime2), 0, 1, NULL, N'Có một đặc điểm riêng chỉ chủ mới biết.', N'643f61f6-4b5c-40fc-89eb-a5f30b040ea9', NULL, 0, 0, CAST(N'2026-06-15T17:37:10.2245955' AS DateTime2))
INSERT [dbo].[FoundItem] ([Id], [Title], [Description], [CategoryId], [LocationId], [FoundAt], [Status], [HoldingType], [StorageLocation], [PrivateMarks], [ReporterUserId], [CustodianStaffId], [HolderConfirmedHandover], [ClaimantConfirmedHandover], [CreatedAt]) VALUES (84, N'Sổ tay', N'Sổ ghi chép bìa cứng. Màu be.', 14, 12, CAST(N'2026-06-28T09:51:10.2245955' AS DateTime2), 0, 1, NULL, NULL, N'5d81a090-d2f4-4c6a-9bbe-20869bd5b4f7', NULL, 0, 0, CAST(N'2026-06-28T12:27:10.2245955' AS DateTime2))
INSERT [dbo].[FoundItem] ([Id], [Title], [Description], [CategoryId], [LocationId], [FoundAt], [Status], [HoldingType], [StorageLocation], [PrivateMarks], [ReporterUserId], [CustodianStaffId], [HolderConfirmedHandover], [ClaimantConfirmedHandover], [CreatedAt]) VALUES (85, N'Kính cận gọng nhựa', N'Kính cận đựng trong hộp. Màu đen.', 22, 4, CAST(N'2026-07-06T15:09:10.2245955' AS DateTime2), 1, 0, NULL, N'Có một đặc điểm riêng chỉ chủ mới biết.', N'5b3be607-bddf-4500-be13-f6501eb60f96', NULL, 0, 0, CAST(N'2026-07-06T17:51:10.2245955' AS DateTime2))
INSERT [dbo].[FoundItem] ([Id], [Title], [Description], [CategoryId], [LocationId], [FoundAt], [Status], [HoldingType], [StorageLocation], [PrivateMarks], [ReporterUserId], [CustodianStaffId], [HolderConfirmedHandover], [ClaimantConfirmedHandover], [CreatedAt]) VALUES (86, N'Máy tính bảng iPad', N'iPad còn bao da. Màu hồng.', 4, 4, CAST(N'2026-05-23T20:14:10.2245955' AS DateTime2), 1, 0, NULL, NULL, N'5b3be607-bddf-4500-be13-f6501eb60f96', NULL, 0, 0, CAST(N'2026-05-23T20:19:10.2245955' AS DateTime2))
INSERT [dbo].[FoundItem] ([Id], [Title], [Description], [CategoryId], [LocationId], [FoundAt], [Status], [HoldingType], [StorageLocation], [PrivateMarks], [ReporterUserId], [CustodianStaffId], [HolderConfirmedHandover], [ClaimantConfirmedHandover], [CreatedAt]) VALUES (87, N'CCCD gắn chip', N'Căn cước công dân. Màu xanh.', 11, 1, CAST(N'2026-07-02T17:37:10.2245955' AS DateTime2), 1, 0, NULL, N'Có một đặc điểm riêng chỉ chủ mới biết.', N'b69520e7-a38a-4e8e-96d4-20dabd297cbf', NULL, 0, 0, CAST(N'2026-07-02T19:19:10.2245955' AS DateTime2))
INSERT [dbo].[FoundItem] ([Id], [Title], [Description], [CategoryId], [LocationId], [FoundAt], [Status], [HoldingType], [StorageLocation], [PrivateMarks], [ReporterUserId], [CustodianStaffId], [HolderConfirmedHandover], [ClaimantConfirmedHandover], [CreatedAt]) VALUES (88, N'Mũ bảo hiểm', N'Nón bảo hiểm nửa đầu. Màu hồng.', 25, 3, CAST(N'2026-07-02T19:13:10.2245955' AS DateTime2), 1, 0, NULL, N'Có một đặc điểm riêng chỉ chủ mới biết.', N'643f61f6-4b5c-40fc-89eb-a5f30b040ea9', NULL, 0, 0, CAST(N'2026-07-02T19:19:10.2245955' AS DateTime2))
INSERT [dbo].[FoundItem] ([Id], [Title], [Description], [CategoryId], [LocationId], [FoundAt], [Status], [HoldingType], [StorageLocation], [PrivateMarks], [ReporterUserId], [CustodianStaffId], [HolderConfirmedHandover], [ClaimantConfirmedHandover], [CreatedAt]) VALUES (89, N'Thẻ ATM', N'Thẻ ngân hàng. Màu hồng.', 13, 1, CAST(N'2026-06-03T05:47:10.2245955' AS DateTime2), 1, 0, NULL, N'Có một đặc điểm riêng chỉ chủ mới biết.', N'c5bd4ae5-9dbe-4126-b596-80cdd5718eee', NULL, 0, 0, CAST(N'2026-06-03T06:51:10.2245955' AS DateTime2))
INSERT [dbo].[FoundItem] ([Id], [Title], [Description], [CategoryId], [LocationId], [FoundAt], [Status], [HoldingType], [StorageLocation], [PrivateMarks], [ReporterUserId], [CustodianStaffId], [HolderConfirmedHandover], [ClaimantConfirmedHandover], [CreatedAt]) VALUES (90, N'Khăn choàng len', N'Khăn choàng ấm. Màu xanh.', 29, 12, CAST(N'2026-06-02T19:10:10.2245955' AS DateTime2), 1, 0, NULL, NULL, N'f3ecf69f-fb2f-4da7-9fc0-719f0c61a329', NULL, 0, 0, CAST(N'2026-06-02T19:58:10.2245955' AS DateTime2))
INSERT [dbo].[FoundItem] ([Id], [Title], [Description], [CategoryId], [LocationId], [FoundAt], [Status], [HoldingType], [StorageLocation], [PrivateMarks], [ReporterUserId], [CustodianStaffId], [HolderConfirmedHandover], [ClaimantConfirmedHandover], [CreatedAt]) VALUES (91, N'Kính cận gọng nhựa', N'Kính cận đựng trong hộp. Màu trắng.', 22, 5, CAST(N'2026-07-02T00:12:10.2245955' AS DateTime2), 1, 0, NULL, N'Có một đặc điểm riêng chỉ chủ mới biết.', N'e726eb22-f69e-4653-9d86-ddd6666ef28b', NULL, 0, 0, CAST(N'2026-07-02T01:07:10.2245955' AS DateTime2))
INSERT [dbo].[FoundItem] ([Id], [Title], [Description], [CategoryId], [LocationId], [FoundAt], [Status], [HoldingType], [StorageLocation], [PrivateMarks], [ReporterUserId], [CustodianStaffId], [HolderConfirmedHandover], [ClaimantConfirmedHandover], [CreatedAt]) VALUES (92, N'Mũ bảo hiểm', N'Nón bảo hiểm nửa đầu. Màu đỏ.', 25, 2, CAST(N'2026-06-02T11:08:10.2245955' AS DateTime2), 1, 0, NULL, NULL, N'e726eb22-f69e-4653-9d86-ddd6666ef28b', NULL, 0, 0, CAST(N'2026-06-02T13:02:10.2245955' AS DateTime2))
INSERT [dbo].[FoundItem] ([Id], [Title], [Description], [CategoryId], [LocationId], [FoundAt], [Status], [HoldingType], [StorageLocation], [PrivateMarks], [ReporterUserId], [CustodianStaffId], [HolderConfirmedHandover], [ClaimantConfirmedHandover], [CreatedAt]) VALUES (93, N'Ví da nam', N'Ví da nam, bên trong còn vài loại thẻ. Màu be.', 16, 11, CAST(N'2026-06-23T11:12:10.2245955' AS DateTime2), 1, 0, NULL, N'Có một đặc điểm riêng chỉ chủ mới biết.', N'5944c50f-c625-4ac0-badb-4357a195f96e', NULL, 0, 0, CAST(N'2026-06-23T12:47:10.2245955' AS DateTime2))
INSERT [dbo].[FoundItem] ([Id], [Title], [Description], [CategoryId], [LocationId], [FoundAt], [Status], [HoldingType], [StorageLocation], [PrivateMarks], [ReporterUserId], [CustodianStaffId], [HolderConfirmedHandover], [ClaimantConfirmedHandover], [CreatedAt]) VALUES (94, N'Sổ tay', N'Sổ ghi chép bìa cứng. Màu xanh.', 14, 11, CAST(N'2026-06-19T10:33:10.2245955' AS DateTime2), 1, 0, NULL, NULL, N'f3ecf69f-fb2f-4da7-9fc0-719f0c61a329', NULL, 0, 0, CAST(N'2026-06-19T13:30:10.2245955' AS DateTime2))
INSERT [dbo].[FoundItem] ([Id], [Title], [Description], [CategoryId], [LocationId], [FoundAt], [Status], [HoldingType], [StorageLocation], [PrivateMarks], [ReporterUserId], [CustodianStaffId], [HolderConfirmedHandover], [ClaimantConfirmedHandover], [CreatedAt]) VALUES (95, N'Áo khoác gió', N'Áo khoác dù nhẹ. Màu trắng.', 28, 7, CAST(N'2026-07-12T11:30:10.2245955' AS DateTime2), 1, 0, NULL, NULL, N'5b3be607-bddf-4500-be13-f6501eb60f96', NULL, 0, 0, CAST(N'2026-07-12T14:06:10.2245955' AS DateTime2))
INSERT [dbo].[FoundItem] ([Id], [Title], [Description], [CategoryId], [LocationId], [FoundAt], [Status], [HoldingType], [StorageLocation], [PrivateMarks], [ReporterUserId], [CustodianStaffId], [HolderConfirmedHandover], [ClaimantConfirmedHandover], [CreatedAt]) VALUES (96, N'Ô gấp', N'Ô/dù gấp gọn. Màu xám.', 23, 8, CAST(N'2026-07-04T07:29:10.2245955' AS DateTime2), 1, 0, NULL, NULL, N'ab5a9ac2-181c-4481-9a66-32c79eb01727', NULL, 0, 0, CAST(N'2026-07-04T09:06:10.2245955' AS DateTime2))
INSERT [dbo].[FoundItem] ([Id], [Title], [Description], [CategoryId], [LocationId], [FoundAt], [Status], [HoldingType], [StorageLocation], [PrivateMarks], [ReporterUserId], [CustodianStaffId], [HolderConfirmedHandover], [ClaimantConfirmedHandover], [CreatedAt]) VALUES (97, N'Samsung Galaxy', N'Điện thoại Android màn hình lớn. Màu be.', 2, 11, CAST(N'2026-05-17T19:28:10.2245955' AS DateTime2), 1, 0, NULL, N'Có một đặc điểm riêng chỉ chủ mới biết.', N'f3ecf69f-fb2f-4da7-9fc0-719f0c61a329', NULL, 0, 0, CAST(N'2026-05-17T19:57:10.2245955' AS DateTime2))
INSERT [dbo].[FoundItem] ([Id], [Title], [Description], [CategoryId], [LocationId], [FoundAt], [Status], [HoldingType], [StorageLocation], [PrivateMarks], [ReporterUserId], [CustodianStaffId], [HolderConfirmedHandover], [ClaimantConfirmedHandover], [CreatedAt]) VALUES (98, N'Túi xách nữ', N'Túi xách nhỏ. Màu nâu.', 17, 9, CAST(N'2026-05-18T11:29:10.2245955' AS DateTime2), 1, 0, NULL, NULL, N'c5bd4ae5-9dbe-4126-b596-80cdd5718eee', NULL, 0, 0, CAST(N'2026-05-18T14:28:10.2245955' AS DateTime2))
INSERT [dbo].[FoundItem] ([Id], [Title], [Description], [CategoryId], [LocationId], [FoundAt], [Status], [HoldingType], [StorageLocation], [PrivateMarks], [ReporterUserId], [CustodianStaffId], [HolderConfirmedHandover], [ClaimantConfirmedHandover], [CreatedAt]) VALUES (99, N'Sạc dự phòng', N'Pin sạc dự phòng. Màu nâu.', 6, 4, CAST(N'2026-07-08T14:59:10.2245955' AS DateTime2), 1, 0, NULL, N'Có một đặc điểm riêng chỉ chủ mới biết.', N'c5bd4ae5-9dbe-4126-b596-80cdd5718eee', NULL, 0, 0, CAST(N'2026-07-08T17:29:10.2245955' AS DateTime2))
INSERT [dbo].[FoundItem] ([Id], [Title], [Description], [CategoryId], [LocationId], [FoundAt], [Status], [HoldingType], [StorageLocation], [PrivateMarks], [ReporterUserId], [CustodianStaffId], [HolderConfirmedHandover], [ClaimantConfirmedHandover], [CreatedAt]) VALUES (100, N'Thẻ ATM', N'Thẻ ngân hàng. Màu nâu.', 13, 11, CAST(N'2026-05-18T09:25:10.2245955' AS DateTime2), 0, 1, NULL, NULL, N'2ceaa0f0-cb00-468f-a11d-8f8a4846f42c', NULL, 0, 0, CAST(N'2026-05-18T10:41:10.2245955' AS DateTime2))
SET IDENTITY_INSERT [dbo].[FoundItem] OFF
SET IDENTITY_INSERT [dbo].[FoundItemTag] ON 

INSERT [dbo].[FoundItemTag] ([Id], [FoundItemId], [TagId]) VALUES (1, 1, 3)
INSERT [dbo].[FoundItemTag] ([Id], [FoundItemId], [TagId]) VALUES (2, 1, 4)
INSERT [dbo].[FoundItemTag] ([Id], [FoundItemId], [TagId]) VALUES (3, 1, 5)
INSERT [dbo].[FoundItemTag] ([Id], [FoundItemId], [TagId]) VALUES (4, 2, 43)
INSERT [dbo].[FoundItemTag] ([Id], [FoundItemId], [TagId]) VALUES (5, 3, 43)
INSERT [dbo].[FoundItemTag] ([Id], [FoundItemId], [TagId]) VALUES (6, 4, 30)
INSERT [dbo].[FoundItemTag] ([Id], [FoundItemId], [TagId]) VALUES (7, 4, 31)
INSERT [dbo].[FoundItemTag] ([Id], [FoundItemId], [TagId]) VALUES (8, 5, 15)
INSERT [dbo].[FoundItemTag] ([Id], [FoundItemId], [TagId]) VALUES (9, 5, 16)
INSERT [dbo].[FoundItemTag] ([Id], [FoundItemId], [TagId]) VALUES (10, 6, 40)
INSERT [dbo].[FoundItemTag] ([Id], [FoundItemId], [TagId]) VALUES (11, 6, 41)
INSERT [dbo].[FoundItemTag] ([Id], [FoundItemId], [TagId]) VALUES (12, 7, 1)
INSERT [dbo].[FoundItemTag] ([Id], [FoundItemId], [TagId]) VALUES (13, 7, 2)
INSERT [dbo].[FoundItemTag] ([Id], [FoundItemId], [TagId]) VALUES (14, 8, 42)
INSERT [dbo].[FoundItemTag] ([Id], [FoundItemId], [TagId]) VALUES (15, 9, 44)
INSERT [dbo].[FoundItemTag] ([Id], [FoundItemId], [TagId]) VALUES (16, 9, 45)
INSERT [dbo].[FoundItemTag] ([Id], [FoundItemId], [TagId]) VALUES (17, 10, 30)
INSERT [dbo].[FoundItemTag] ([Id], [FoundItemId], [TagId]) VALUES (18, 10, 31)
INSERT [dbo].[FoundItemTag] ([Id], [FoundItemId], [TagId]) VALUES (21, 11, 4)
INSERT [dbo].[FoundItemTag] ([Id], [FoundItemId], [TagId]) VALUES (19, 11, 6)
INSERT [dbo].[FoundItemTag] ([Id], [FoundItemId], [TagId]) VALUES (20, 11, 7)
INSERT [dbo].[FoundItemTag] ([Id], [FoundItemId], [TagId]) VALUES (22, 12, 38)
INSERT [dbo].[FoundItemTag] ([Id], [FoundItemId], [TagId]) VALUES (23, 12, 39)
INSERT [dbo].[FoundItemTag] ([Id], [FoundItemId], [TagId]) VALUES (24, 13, 12)
INSERT [dbo].[FoundItemTag] ([Id], [FoundItemId], [TagId]) VALUES (25, 13, 13)
INSERT [dbo].[FoundItemTag] ([Id], [FoundItemId], [TagId]) VALUES (26, 13, 14)
INSERT [dbo].[FoundItemTag] ([Id], [FoundItemId], [TagId]) VALUES (27, 14, 30)
INSERT [dbo].[FoundItemTag] ([Id], [FoundItemId], [TagId]) VALUES (28, 14, 31)
INSERT [dbo].[FoundItemTag] ([Id], [FoundItemId], [TagId]) VALUES (31, 15, 4)
INSERT [dbo].[FoundItemTag] ([Id], [FoundItemId], [TagId]) VALUES (29, 15, 6)
INSERT [dbo].[FoundItemTag] ([Id], [FoundItemId], [TagId]) VALUES (30, 15, 7)
INSERT [dbo].[FoundItemTag] ([Id], [FoundItemId], [TagId]) VALUES (32, 16, 42)
INSERT [dbo].[FoundItemTag] ([Id], [FoundItemId], [TagId]) VALUES (33, 17, 10)
INSERT [dbo].[FoundItemTag] ([Id], [FoundItemId], [TagId]) VALUES (34, 17, 11)
INSERT [dbo].[FoundItemTag] ([Id], [FoundItemId], [TagId]) VALUES (35, 18, 1)
INSERT [dbo].[FoundItemTag] ([Id], [FoundItemId], [TagId]) VALUES (36, 18, 2)
INSERT [dbo].[FoundItemTag] ([Id], [FoundItemId], [TagId]) VALUES (37, 19, 27)
INSERT [dbo].[FoundItemTag] ([Id], [FoundItemId], [TagId]) VALUES (38, 19, 28)
INSERT [dbo].[FoundItemTag] ([Id], [FoundItemId], [TagId]) VALUES (39, 20, 48)
INSERT [dbo].[FoundItemTag] ([Id], [FoundItemId], [TagId]) VALUES (40, 21, 40)
INSERT [dbo].[FoundItemTag] ([Id], [FoundItemId], [TagId]) VALUES (41, 21, 41)
INSERT [dbo].[FoundItemTag] ([Id], [FoundItemId], [TagId]) VALUES (42, 22, 48)
INSERT [dbo].[FoundItemTag] ([Id], [FoundItemId], [TagId]) VALUES (43, 23, 3)
INSERT [dbo].[FoundItemTag] ([Id], [FoundItemId], [TagId]) VALUES (44, 23, 4)
INSERT [dbo].[FoundItemTag] ([Id], [FoundItemId], [TagId]) VALUES (45, 23, 5)
INSERT [dbo].[FoundItemTag] ([Id], [FoundItemId], [TagId]) VALUES (46, 24, 25)
INSERT [dbo].[FoundItemTag] ([Id], [FoundItemId], [TagId]) VALUES (47, 24, 26)
INSERT [dbo].[FoundItemTag] ([Id], [FoundItemId], [TagId]) VALUES (48, 25, 33)
INSERT [dbo].[FoundItemTag] ([Id], [FoundItemId], [TagId]) VALUES (49, 25, 34)
INSERT [dbo].[FoundItemTag] ([Id], [FoundItemId], [TagId]) VALUES (50, 26, 27)
INSERT [dbo].[FoundItemTag] ([Id], [FoundItemId], [TagId]) VALUES (51, 26, 28)
INSERT [dbo].[FoundItemTag] ([Id], [FoundItemId], [TagId]) VALUES (52, 27, 27)
INSERT [dbo].[FoundItemTag] ([Id], [FoundItemId], [TagId]) VALUES (53, 27, 28)
INSERT [dbo].[FoundItemTag] ([Id], [FoundItemId], [TagId]) VALUES (54, 28, 27)
INSERT [dbo].[FoundItemTag] ([Id], [FoundItemId], [TagId]) VALUES (55, 28, 28)
INSERT [dbo].[FoundItemTag] ([Id], [FoundItemId], [TagId]) VALUES (56, 29, 21)
INSERT [dbo].[FoundItemTag] ([Id], [FoundItemId], [TagId]) VALUES (57, 29, 22)
INSERT [dbo].[FoundItemTag] ([Id], [FoundItemId], [TagId]) VALUES (58, 30, 16)
INSERT [dbo].[FoundItemTag] ([Id], [FoundItemId], [TagId]) VALUES (59, 30, 29)
INSERT [dbo].[FoundItemTag] ([Id], [FoundItemId], [TagId]) VALUES (60, 31, 37)
INSERT [dbo].[FoundItemTag] ([Id], [FoundItemId], [TagId]) VALUES (61, 32, 48)
INSERT [dbo].[FoundItemTag] ([Id], [FoundItemId], [TagId]) VALUES (62, 33, 37)
INSERT [dbo].[FoundItemTag] ([Id], [FoundItemId], [TagId]) VALUES (63, 34, 48)
INSERT [dbo].[FoundItemTag] ([Id], [FoundItemId], [TagId]) VALUES (64, 35, 44)
INSERT [dbo].[FoundItemTag] ([Id], [FoundItemId], [TagId]) VALUES (65, 35, 45)
INSERT [dbo].[FoundItemTag] ([Id], [FoundItemId], [TagId]) VALUES (66, 36, 30)
INSERT [dbo].[FoundItemTag] ([Id], [FoundItemId], [TagId]) VALUES (67, 36, 31)
INSERT [dbo].[FoundItemTag] ([Id], [FoundItemId], [TagId]) VALUES (68, 37, 10)
INSERT [dbo].[FoundItemTag] ([Id], [FoundItemId], [TagId]) VALUES (69, 37, 11)
INSERT [dbo].[FoundItemTag] ([Id], [FoundItemId], [TagId]) VALUES (70, 38, 17)
INSERT [dbo].[FoundItemTag] ([Id], [FoundItemId], [TagId]) VALUES (71, 38, 18)
INSERT [dbo].[FoundItemTag] ([Id], [FoundItemId], [TagId]) VALUES (72, 39, 16)
INSERT [dbo].[FoundItemTag] ([Id], [FoundItemId], [TagId]) VALUES (73, 39, 29)
INSERT [dbo].[FoundItemTag] ([Id], [FoundItemId], [TagId]) VALUES (74, 40, 48)
INSERT [dbo].[FoundItemTag] ([Id], [FoundItemId], [TagId]) VALUES (75, 41, 37)
INSERT [dbo].[FoundItemTag] ([Id], [FoundItemId], [TagId]) VALUES (76, 42, 30)
INSERT [dbo].[FoundItemTag] ([Id], [FoundItemId], [TagId]) VALUES (77, 42, 31)
INSERT [dbo].[FoundItemTag] ([Id], [FoundItemId], [TagId]) VALUES (78, 43, 48)
INSERT [dbo].[FoundItemTag] ([Id], [FoundItemId], [TagId]) VALUES (79, 44, 10)
INSERT [dbo].[FoundItemTag] ([Id], [FoundItemId], [TagId]) VALUES (80, 44, 11)
INSERT [dbo].[FoundItemTag] ([Id], [FoundItemId], [TagId]) VALUES (81, 45, 17)
INSERT [dbo].[FoundItemTag] ([Id], [FoundItemId], [TagId]) VALUES (82, 45, 18)
INSERT [dbo].[FoundItemTag] ([Id], [FoundItemId], [TagId]) VALUES (85, 46, 4)
INSERT [dbo].[FoundItemTag] ([Id], [FoundItemId], [TagId]) VALUES (83, 46, 6)
INSERT [dbo].[FoundItemTag] ([Id], [FoundItemId], [TagId]) VALUES (84, 46, 7)
INSERT [dbo].[FoundItemTag] ([Id], [FoundItemId], [TagId]) VALUES (86, 47, 35)
INSERT [dbo].[FoundItemTag] ([Id], [FoundItemId], [TagId]) VALUES (87, 47, 36)
INSERT [dbo].[FoundItemTag] ([Id], [FoundItemId], [TagId]) VALUES (88, 48, 8)
INSERT [dbo].[FoundItemTag] ([Id], [FoundItemId], [TagId]) VALUES (89, 48, 9)
INSERT [dbo].[FoundItemTag] ([Id], [FoundItemId], [TagId]) VALUES (90, 49, 1)
INSERT [dbo].[FoundItemTag] ([Id], [FoundItemId], [TagId]) VALUES (91, 49, 2)
INSERT [dbo].[FoundItemTag] ([Id], [FoundItemId], [TagId]) VALUES (92, 50, 40)
INSERT [dbo].[FoundItemTag] ([Id], [FoundItemId], [TagId]) VALUES (93, 50, 41)
INSERT [dbo].[FoundItemTag] ([Id], [FoundItemId], [TagId]) VALUES (94, 51, 33)
INSERT [dbo].[FoundItemTag] ([Id], [FoundItemId], [TagId]) VALUES (95, 51, 34)
INSERT [dbo].[FoundItemTag] ([Id], [FoundItemId], [TagId]) VALUES (96, 52, 27)
INSERT [dbo].[FoundItemTag] ([Id], [FoundItemId], [TagId]) VALUES (97, 52, 28)
INSERT [dbo].[FoundItemTag] ([Id], [FoundItemId], [TagId]) VALUES (98, 53, 10)
INSERT [dbo].[FoundItemTag] ([Id], [FoundItemId], [TagId]) VALUES (99, 53, 11)
INSERT [dbo].[FoundItemTag] ([Id], [FoundItemId], [TagId]) VALUES (100, 54, 38)
INSERT [dbo].[FoundItemTag] ([Id], [FoundItemId], [TagId]) VALUES (101, 54, 39)
INSERT [dbo].[FoundItemTag] ([Id], [FoundItemId], [TagId]) VALUES (102, 55, 44)
INSERT [dbo].[FoundItemTag] ([Id], [FoundItemId], [TagId]) VALUES (103, 55, 45)
INSERT [dbo].[FoundItemTag] ([Id], [FoundItemId], [TagId]) VALUES (104, 56, 35)
INSERT [dbo].[FoundItemTag] ([Id], [FoundItemId], [TagId]) VALUES (105, 56, 36)
INSERT [dbo].[FoundItemTag] ([Id], [FoundItemId], [TagId]) VALUES (106, 57, 30)
INSERT [dbo].[FoundItemTag] ([Id], [FoundItemId], [TagId]) VALUES (107, 57, 31)
INSERT [dbo].[FoundItemTag] ([Id], [FoundItemId], [TagId]) VALUES (108, 58, 19)
INSERT [dbo].[FoundItemTag] ([Id], [FoundItemId], [TagId]) VALUES (109, 58, 20)
INSERT [dbo].[FoundItemTag] ([Id], [FoundItemId], [TagId]) VALUES (110, 59, 46)
INSERT [dbo].[FoundItemTag] ([Id], [FoundItemId], [TagId]) VALUES (111, 59, 47)
INSERT [dbo].[FoundItemTag] ([Id], [FoundItemId], [TagId]) VALUES (112, 60, 19)
INSERT [dbo].[FoundItemTag] ([Id], [FoundItemId], [TagId]) VALUES (113, 60, 20)
INSERT [dbo].[FoundItemTag] ([Id], [FoundItemId], [TagId]) VALUES (114, 61, 16)
INSERT [dbo].[FoundItemTag] ([Id], [FoundItemId], [TagId]) VALUES (115, 61, 29)
INSERT [dbo].[FoundItemTag] ([Id], [FoundItemId], [TagId]) VALUES (116, 62, 3)
INSERT [dbo].[FoundItemTag] ([Id], [FoundItemId], [TagId]) VALUES (117, 62, 4)
INSERT [dbo].[FoundItemTag] ([Id], [FoundItemId], [TagId]) VALUES (118, 62, 5)
INSERT [dbo].[FoundItemTag] ([Id], [FoundItemId], [TagId]) VALUES (119, 63, 40)
INSERT [dbo].[FoundItemTag] ([Id], [FoundItemId], [TagId]) VALUES (120, 63, 41)
INSERT [dbo].[FoundItemTag] ([Id], [FoundItemId], [TagId]) VALUES (121, 64, 19)
INSERT [dbo].[FoundItemTag] ([Id], [FoundItemId], [TagId]) VALUES (122, 64, 20)
INSERT [dbo].[FoundItemTag] ([Id], [FoundItemId], [TagId]) VALUES (123, 65, 44)
INSERT [dbo].[FoundItemTag] ([Id], [FoundItemId], [TagId]) VALUES (124, 65, 45)
INSERT [dbo].[FoundItemTag] ([Id], [FoundItemId], [TagId]) VALUES (125, 66, 32)
INSERT [dbo].[FoundItemTag] ([Id], [FoundItemId], [TagId]) VALUES (128, 67, 4)
INSERT [dbo].[FoundItemTag] ([Id], [FoundItemId], [TagId]) VALUES (126, 67, 6)
INSERT [dbo].[FoundItemTag] ([Id], [FoundItemId], [TagId]) VALUES (127, 67, 7)
INSERT [dbo].[FoundItemTag] ([Id], [FoundItemId], [TagId]) VALUES (129, 68, 30)
INSERT [dbo].[FoundItemTag] ([Id], [FoundItemId], [TagId]) VALUES (130, 68, 31)
INSERT [dbo].[FoundItemTag] ([Id], [FoundItemId], [TagId]) VALUES (131, 69, 17)
INSERT [dbo].[FoundItemTag] ([Id], [FoundItemId], [TagId]) VALUES (132, 69, 18)
INSERT [dbo].[FoundItemTag] ([Id], [FoundItemId], [TagId]) VALUES (133, 70, 30)
INSERT [dbo].[FoundItemTag] ([Id], [FoundItemId], [TagId]) VALUES (134, 70, 31)
INSERT [dbo].[FoundItemTag] ([Id], [FoundItemId], [TagId]) VALUES (135, 71, 40)
INSERT [dbo].[FoundItemTag] ([Id], [FoundItemId], [TagId]) VALUES (136, 71, 41)
INSERT [dbo].[FoundItemTag] ([Id], [FoundItemId], [TagId]) VALUES (137, 72, 38)
INSERT [dbo].[FoundItemTag] ([Id], [FoundItemId], [TagId]) VALUES (138, 72, 39)
INSERT [dbo].[FoundItemTag] ([Id], [FoundItemId], [TagId]) VALUES (139, 73, 8)
INSERT [dbo].[FoundItemTag] ([Id], [FoundItemId], [TagId]) VALUES (140, 73, 9)
INSERT [dbo].[FoundItemTag] ([Id], [FoundItemId], [TagId]) VALUES (141, 74, 17)
INSERT [dbo].[FoundItemTag] ([Id], [FoundItemId], [TagId]) VALUES (142, 74, 18)
INSERT [dbo].[FoundItemTag] ([Id], [FoundItemId], [TagId]) VALUES (143, 75, 12)
INSERT [dbo].[FoundItemTag] ([Id], [FoundItemId], [TagId]) VALUES (144, 75, 13)
INSERT [dbo].[FoundItemTag] ([Id], [FoundItemId], [TagId]) VALUES (145, 75, 14)
INSERT [dbo].[FoundItemTag] ([Id], [FoundItemId], [TagId]) VALUES (146, 76, 38)
INSERT [dbo].[FoundItemTag] ([Id], [FoundItemId], [TagId]) VALUES (147, 76, 39)
INSERT [dbo].[FoundItemTag] ([Id], [FoundItemId], [TagId]) VALUES (148, 77, 48)
INSERT [dbo].[FoundItemTag] ([Id], [FoundItemId], [TagId]) VALUES (149, 78, 33)
INSERT [dbo].[FoundItemTag] ([Id], [FoundItemId], [TagId]) VALUES (150, 78, 34)
INSERT [dbo].[FoundItemTag] ([Id], [FoundItemId], [TagId]) VALUES (151, 79, 10)
INSERT [dbo].[FoundItemTag] ([Id], [FoundItemId], [TagId]) VALUES (152, 79, 11)
INSERT [dbo].[FoundItemTag] ([Id], [FoundItemId], [TagId]) VALUES (153, 80, 15)
INSERT [dbo].[FoundItemTag] ([Id], [FoundItemId], [TagId]) VALUES (154, 80, 16)
INSERT [dbo].[FoundItemTag] ([Id], [FoundItemId], [TagId]) VALUES (155, 81, 38)
INSERT [dbo].[FoundItemTag] ([Id], [FoundItemId], [TagId]) VALUES (156, 81, 39)
INSERT [dbo].[FoundItemTag] ([Id], [FoundItemId], [TagId]) VALUES (157, 82, 10)
INSERT [dbo].[FoundItemTag] ([Id], [FoundItemId], [TagId]) VALUES (158, 82, 11)
INSERT [dbo].[FoundItemTag] ([Id], [FoundItemId], [TagId]) VALUES (159, 83, 17)
INSERT [dbo].[FoundItemTag] ([Id], [FoundItemId], [TagId]) VALUES (160, 83, 18)
INSERT [dbo].[FoundItemTag] ([Id], [FoundItemId], [TagId]) VALUES (161, 84, 38)
INSERT [dbo].[FoundItemTag] ([Id], [FoundItemId], [TagId]) VALUES (162, 84, 39)
INSERT [dbo].[FoundItemTag] ([Id], [FoundItemId], [TagId]) VALUES (163, 85, 17)
INSERT [dbo].[FoundItemTag] ([Id], [FoundItemId], [TagId]) VALUES (164, 85, 18)
INSERT [dbo].[FoundItemTag] ([Id], [FoundItemId], [TagId]) VALUES (165, 86, 30)
INSERT [dbo].[FoundItemTag] ([Id], [FoundItemId], [TagId]) VALUES (166, 86, 31)
INSERT [dbo].[FoundItemTag] ([Id], [FoundItemId], [TagId]) VALUES (167, 87, 25)
INSERT [dbo].[FoundItemTag] ([Id], [FoundItemId], [TagId]) VALUES (168, 87, 26)
INSERT [dbo].[FoundItemTag] ([Id], [FoundItemId], [TagId]) VALUES (169, 88, 33)
INSERT [dbo].[FoundItemTag] ([Id], [FoundItemId], [TagId]) VALUES (170, 88, 34)
INSERT [dbo].[FoundItemTag] ([Id], [FoundItemId], [TagId]) VALUES (171, 89, 27)
INSERT [dbo].[FoundItemTag] ([Id], [FoundItemId], [TagId]) VALUES (172, 89, 28)
INSERT [dbo].[FoundItemTag] ([Id], [FoundItemId], [TagId]) VALUES (173, 90, 42)
INSERT [dbo].[FoundItemTag] ([Id], [FoundItemId], [TagId]) VALUES (174, 91, 17)
INSERT [dbo].[FoundItemTag] ([Id], [FoundItemId], [TagId]) VALUES (175, 91, 18)
INSERT [dbo].[FoundItemTag] ([Id], [FoundItemId], [TagId]) VALUES (176, 92, 33)
INSERT [dbo].[FoundItemTag] ([Id], [FoundItemId], [TagId]) VALUES (177, 92, 34)
INSERT [dbo].[FoundItemTag] ([Id], [FoundItemId], [TagId]) VALUES (178, 93, 1)
INSERT [dbo].[FoundItemTag] ([Id], [FoundItemId], [TagId]) VALUES (179, 93, 2)
INSERT [dbo].[FoundItemTag] ([Id], [FoundItemId], [TagId]) VALUES (180, 94, 38)
INSERT [dbo].[FoundItemTag] ([Id], [FoundItemId], [TagId]) VALUES (181, 94, 39)
INSERT [dbo].[FoundItemTag] ([Id], [FoundItemId], [TagId]) VALUES (182, 95, 23)
INSERT [dbo].[FoundItemTag] ([Id], [FoundItemId], [TagId]) VALUES (183, 95, 24)
INSERT [dbo].[FoundItemTag] ([Id], [FoundItemId], [TagId]) VALUES (184, 96, 19)
INSERT [dbo].[FoundItemTag] ([Id], [FoundItemId], [TagId]) VALUES (185, 96, 20)
INSERT [dbo].[FoundItemTag] ([Id], [FoundItemId], [TagId]) VALUES (188, 97, 4)
INSERT [dbo].[FoundItemTag] ([Id], [FoundItemId], [TagId]) VALUES (186, 97, 6)
INSERT [dbo].[FoundItemTag] ([Id], [FoundItemId], [TagId]) VALUES (187, 97, 7)
INSERT [dbo].[FoundItemTag] ([Id], [FoundItemId], [TagId]) VALUES (189, 98, 37)
INSERT [dbo].[FoundItemTag] ([Id], [FoundItemId], [TagId]) VALUES (190, 99, 35)
INSERT [dbo].[FoundItemTag] ([Id], [FoundItemId], [TagId]) VALUES (191, 99, 36)
INSERT [dbo].[FoundItemTag] ([Id], [FoundItemId], [TagId]) VALUES (192, 100, 27)
INSERT [dbo].[FoundItemTag] ([Id], [FoundItemId], [TagId]) VALUES (193, 100, 28)
SET IDENTITY_INSERT [dbo].[FoundItemTag] OFF
SET IDENTITY_INSERT [dbo].[FoundItemImage] ON 

INSERT [dbo].[FoundItemImage] ([Id], [FoundItemId], [Url], [SortOrder]) VALUES (1, 1, N'https://picsum.photos/seed/laf1_0/640/420', 0)
INSERT [dbo].[FoundItemImage] ([Id], [FoundItemId], [Url], [SortOrder]) VALUES (2, 1, N'https://picsum.photos/seed/laf1_1/640/420', 1)
INSERT [dbo].[FoundItemImage] ([Id], [FoundItemId], [Url], [SortOrder]) VALUES (3, 1, N'https://picsum.photos/seed/laf1_2/640/420', 2)
INSERT [dbo].[FoundItemImage] ([Id], [FoundItemId], [Url], [SortOrder]) VALUES (4, 2, N'https://picsum.photos/seed/laf2_0/640/420', 0)
INSERT [dbo].[FoundItemImage] ([Id], [FoundItemId], [Url], [SortOrder]) VALUES (5, 2, N'https://picsum.photos/seed/laf2_1/640/420', 1)
INSERT [dbo].[FoundItemImage] ([Id], [FoundItemId], [Url], [SortOrder]) VALUES (6, 3, N'https://picsum.photos/seed/laf3_0/640/420', 0)
INSERT [dbo].[FoundItemImage] ([Id], [FoundItemId], [Url], [SortOrder]) VALUES (7, 3, N'https://picsum.photos/seed/laf3_1/640/420', 1)
INSERT [dbo].[FoundItemImage] ([Id], [FoundItemId], [Url], [SortOrder]) VALUES (8, 3, N'https://picsum.photos/seed/laf3_2/640/420', 2)
INSERT [dbo].[FoundItemImage] ([Id], [FoundItemId], [Url], [SortOrder]) VALUES (9, 3, N'https://picsum.photos/seed/laf3_3/640/420', 3)
INSERT [dbo].[FoundItemImage] ([Id], [FoundItemId], [Url], [SortOrder]) VALUES (10, 4, N'https://picsum.photos/seed/laf4_0/640/420', 0)
INSERT [dbo].[FoundItemImage] ([Id], [FoundItemId], [Url], [SortOrder]) VALUES (11, 5, N'https://picsum.photos/seed/laf5_0/640/420', 0)
INSERT [dbo].[FoundItemImage] ([Id], [FoundItemId], [Url], [SortOrder]) VALUES (12, 5, N'https://picsum.photos/seed/laf5_1/640/420', 1)
INSERT [dbo].[FoundItemImage] ([Id], [FoundItemId], [Url], [SortOrder]) VALUES (13, 5, N'https://picsum.photos/seed/laf5_2/640/420', 2)
INSERT [dbo].[FoundItemImage] ([Id], [FoundItemId], [Url], [SortOrder]) VALUES (14, 6, N'https://picsum.photos/seed/laf6_0/640/420', 0)
INSERT [dbo].[FoundItemImage] ([Id], [FoundItemId], [Url], [SortOrder]) VALUES (15, 6, N'https://picsum.photos/seed/laf6_1/640/420', 1)
INSERT [dbo].[FoundItemImage] ([Id], [FoundItemId], [Url], [SortOrder]) VALUES (16, 6, N'https://picsum.photos/seed/laf6_2/640/420', 2)
INSERT [dbo].[FoundItemImage] ([Id], [FoundItemId], [Url], [SortOrder]) VALUES (17, 7, N'https://picsum.photos/seed/laf7_0/640/420', 0)
INSERT [dbo].[FoundItemImage] ([Id], [FoundItemId], [Url], [SortOrder]) VALUES (18, 7, N'https://picsum.photos/seed/laf7_1/640/420', 1)
INSERT [dbo].[FoundItemImage] ([Id], [FoundItemId], [Url], [SortOrder]) VALUES (19, 7, N'https://picsum.photos/seed/laf7_2/640/420', 2)
INSERT [dbo].[FoundItemImage] ([Id], [FoundItemId], [Url], [SortOrder]) VALUES (20, 8, N'https://picsum.photos/seed/laf8_0/640/420', 0)
INSERT [dbo].[FoundItemImage] ([Id], [FoundItemId], [Url], [SortOrder]) VALUES (21, 8, N'https://picsum.photos/seed/laf8_1/640/420', 1)
INSERT [dbo].[FoundItemImage] ([Id], [FoundItemId], [Url], [SortOrder]) VALUES (22, 9, N'https://picsum.photos/seed/laf9_0/640/420', 0)
INSERT [dbo].[FoundItemImage] ([Id], [FoundItemId], [Url], [SortOrder]) VALUES (23, 9, N'https://picsum.photos/seed/laf9_1/640/420', 1)
INSERT [dbo].[FoundItemImage] ([Id], [FoundItemId], [Url], [SortOrder]) VALUES (24, 9, N'https://picsum.photos/seed/laf9_2/640/420', 2)
INSERT [dbo].[FoundItemImage] ([Id], [FoundItemId], [Url], [SortOrder]) VALUES (25, 10, N'https://picsum.photos/seed/laf10_0/640/420', 0)
INSERT [dbo].[FoundItemImage] ([Id], [FoundItemId], [Url], [SortOrder]) VALUES (26, 10, N'https://picsum.photos/seed/laf10_1/640/420', 1)
INSERT [dbo].[FoundItemImage] ([Id], [FoundItemId], [Url], [SortOrder]) VALUES (27, 11, N'https://picsum.photos/seed/laf11_0/640/420', 0)
INSERT [dbo].[FoundItemImage] ([Id], [FoundItemId], [Url], [SortOrder]) VALUES (28, 11, N'https://picsum.photos/seed/laf11_1/640/420', 1)
INSERT [dbo].[FoundItemImage] ([Id], [FoundItemId], [Url], [SortOrder]) VALUES (29, 12, N'https://picsum.photos/seed/laf12_0/640/420', 0)
INSERT [dbo].[FoundItemImage] ([Id], [FoundItemId], [Url], [SortOrder]) VALUES (30, 12, N'https://picsum.photos/seed/laf12_1/640/420', 1)
INSERT [dbo].[FoundItemImage] ([Id], [FoundItemId], [Url], [SortOrder]) VALUES (31, 13, N'https://picsum.photos/seed/laf13_0/640/420', 0)
INSERT [dbo].[FoundItemImage] ([Id], [FoundItemId], [Url], [SortOrder]) VALUES (32, 13, N'https://picsum.photos/seed/laf13_1/640/420', 1)
INSERT [dbo].[FoundItemImage] ([Id], [FoundItemId], [Url], [SortOrder]) VALUES (33, 13, N'https://picsum.photos/seed/laf13_2/640/420', 2)
INSERT [dbo].[FoundItemImage] ([Id], [FoundItemId], [Url], [SortOrder]) VALUES (34, 14, N'https://picsum.photos/seed/laf14_0/640/420', 0)
INSERT [dbo].[FoundItemImage] ([Id], [FoundItemId], [Url], [SortOrder]) VALUES (35, 15, N'https://picsum.photos/seed/laf15_0/640/420', 0)
INSERT [dbo].[FoundItemImage] ([Id], [FoundItemId], [Url], [SortOrder]) VALUES (36, 16, N'https://picsum.photos/seed/laf16_0/640/420', 0)
INSERT [dbo].[FoundItemImage] ([Id], [FoundItemId], [Url], [SortOrder]) VALUES (37, 17, N'https://picsum.photos/seed/laf17_0/640/420', 0)
INSERT [dbo].[FoundItemImage] ([Id], [FoundItemId], [Url], [SortOrder]) VALUES (38, 18, N'https://picsum.photos/seed/laf18_0/640/420', 0)
INSERT [dbo].[FoundItemImage] ([Id], [FoundItemId], [Url], [SortOrder]) VALUES (39, 19, N'https://picsum.photos/seed/laf19_0/640/420', 0)
INSERT [dbo].[FoundItemImage] ([Id], [FoundItemId], [Url], [SortOrder]) VALUES (40, 19, N'https://picsum.photos/seed/laf19_1/640/420', 1)
INSERT [dbo].[FoundItemImage] ([Id], [FoundItemId], [Url], [SortOrder]) VALUES (41, 19, N'https://picsum.photos/seed/laf19_2/640/420', 2)
INSERT [dbo].[FoundItemImage] ([Id], [FoundItemId], [Url], [SortOrder]) VALUES (42, 19, N'https://picsum.photos/seed/laf19_3/640/420', 3)
INSERT [dbo].[FoundItemImage] ([Id], [FoundItemId], [Url], [SortOrder]) VALUES (43, 20, N'https://picsum.photos/seed/laf20_0/640/420', 0)
INSERT [dbo].[FoundItemImage] ([Id], [FoundItemId], [Url], [SortOrder]) VALUES (44, 21, N'https://picsum.photos/seed/laf21_0/640/420', 0)
INSERT [dbo].[FoundItemImage] ([Id], [FoundItemId], [Url], [SortOrder]) VALUES (45, 21, N'https://picsum.photos/seed/laf21_1/640/420', 1)
INSERT [dbo].[FoundItemImage] ([Id], [FoundItemId], [Url], [SortOrder]) VALUES (46, 22, N'https://picsum.photos/seed/laf22_0/640/420', 0)
INSERT [dbo].[FoundItemImage] ([Id], [FoundItemId], [Url], [SortOrder]) VALUES (47, 22, N'https://picsum.photos/seed/laf22_1/640/420', 1)
INSERT [dbo].[FoundItemImage] ([Id], [FoundItemId], [Url], [SortOrder]) VALUES (48, 23, N'https://picsum.photos/seed/laf23_0/640/420', 0)
INSERT [dbo].[FoundItemImage] ([Id], [FoundItemId], [Url], [SortOrder]) VALUES (49, 23, N'https://picsum.photos/seed/laf23_1/640/420', 1)
INSERT [dbo].[FoundItemImage] ([Id], [FoundItemId], [Url], [SortOrder]) VALUES (50, 23, N'https://picsum.photos/seed/laf23_2/640/420', 2)
INSERT [dbo].[FoundItemImage] ([Id], [FoundItemId], [Url], [SortOrder]) VALUES (51, 24, N'https://picsum.photos/seed/laf24_0/640/420', 0)
INSERT [dbo].[FoundItemImage] ([Id], [FoundItemId], [Url], [SortOrder]) VALUES (52, 24, N'https://picsum.photos/seed/laf24_1/640/420', 1)
INSERT [dbo].[FoundItemImage] ([Id], [FoundItemId], [Url], [SortOrder]) VALUES (53, 24, N'https://picsum.photos/seed/laf24_2/640/420', 2)
INSERT [dbo].[FoundItemImage] ([Id], [FoundItemId], [Url], [SortOrder]) VALUES (54, 25, N'https://picsum.photos/seed/laf25_0/640/420', 0)
INSERT [dbo].[FoundItemImage] ([Id], [FoundItemId], [Url], [SortOrder]) VALUES (55, 26, N'https://picsum.photos/seed/laf26_0/640/420', 0)
INSERT [dbo].[FoundItemImage] ([Id], [FoundItemId], [Url], [SortOrder]) VALUES (56, 27, N'https://picsum.photos/seed/laf27_0/640/420', 0)
INSERT [dbo].[FoundItemImage] ([Id], [FoundItemId], [Url], [SortOrder]) VALUES (57, 27, N'https://picsum.photos/seed/laf27_1/640/420', 1)
INSERT [dbo].[FoundItemImage] ([Id], [FoundItemId], [Url], [SortOrder]) VALUES (58, 27, N'https://picsum.photos/seed/laf27_2/640/420', 2)
INSERT [dbo].[FoundItemImage] ([Id], [FoundItemId], [Url], [SortOrder]) VALUES (59, 27, N'https://picsum.photos/seed/laf27_3/640/420', 3)
INSERT [dbo].[FoundItemImage] ([Id], [FoundItemId], [Url], [SortOrder]) VALUES (60, 28, N'https://picsum.photos/seed/laf28_0/640/420', 0)
INSERT [dbo].[FoundItemImage] ([Id], [FoundItemId], [Url], [SortOrder]) VALUES (61, 28, N'https://picsum.photos/seed/laf28_1/640/420', 1)
INSERT [dbo].[FoundItemImage] ([Id], [FoundItemId], [Url], [SortOrder]) VALUES (62, 29, N'https://picsum.photos/seed/laf29_0/640/420', 0)
INSERT [dbo].[FoundItemImage] ([Id], [FoundItemId], [Url], [SortOrder]) VALUES (63, 29, N'https://picsum.photos/seed/laf29_1/640/420', 1)
INSERT [dbo].[FoundItemImage] ([Id], [FoundItemId], [Url], [SortOrder]) VALUES (64, 29, N'https://picsum.photos/seed/laf29_2/640/420', 2)
INSERT [dbo].[FoundItemImage] ([Id], [FoundItemId], [Url], [SortOrder]) VALUES (65, 29, N'https://picsum.photos/seed/laf29_3/640/420', 3)
INSERT [dbo].[FoundItemImage] ([Id], [FoundItemId], [Url], [SortOrder]) VALUES (66, 30, N'https://picsum.photos/seed/laf30_0/640/420', 0)
INSERT [dbo].[FoundItemImage] ([Id], [FoundItemId], [Url], [SortOrder]) VALUES (67, 30, N'https://picsum.photos/seed/laf30_1/640/420', 1)
INSERT [dbo].[FoundItemImage] ([Id], [FoundItemId], [Url], [SortOrder]) VALUES (68, 31, N'https://picsum.photos/seed/laf31_0/640/420', 0)
INSERT [dbo].[FoundItemImage] ([Id], [FoundItemId], [Url], [SortOrder]) VALUES (69, 31, N'https://picsum.photos/seed/laf31_1/640/420', 1)
INSERT [dbo].[FoundItemImage] ([Id], [FoundItemId], [Url], [SortOrder]) VALUES (70, 31, N'https://picsum.photos/seed/laf31_2/640/420', 2)
INSERT [dbo].[FoundItemImage] ([Id], [FoundItemId], [Url], [SortOrder]) VALUES (71, 32, N'https://picsum.photos/seed/laf32_0/640/420', 0)
INSERT [dbo].[FoundItemImage] ([Id], [FoundItemId], [Url], [SortOrder]) VALUES (72, 33, N'https://picsum.photos/seed/laf33_0/640/420', 0)
INSERT [dbo].[FoundItemImage] ([Id], [FoundItemId], [Url], [SortOrder]) VALUES (73, 33, N'https://picsum.photos/seed/laf33_1/640/420', 1)
INSERT [dbo].[FoundItemImage] ([Id], [FoundItemId], [Url], [SortOrder]) VALUES (74, 33, N'https://picsum.photos/seed/laf33_2/640/420', 2)
INSERT [dbo].[FoundItemImage] ([Id], [FoundItemId], [Url], [SortOrder]) VALUES (75, 33, N'https://picsum.photos/seed/laf33_3/640/420', 3)
INSERT [dbo].[FoundItemImage] ([Id], [FoundItemId], [Url], [SortOrder]) VALUES (76, 34, N'https://picsum.photos/seed/laf34_0/640/420', 0)
INSERT [dbo].[FoundItemImage] ([Id], [FoundItemId], [Url], [SortOrder]) VALUES (77, 34, N'https://picsum.photos/seed/laf34_1/640/420', 1)
INSERT [dbo].[FoundItemImage] ([Id], [FoundItemId], [Url], [SortOrder]) VALUES (78, 35, N'https://picsum.photos/seed/laf35_0/640/420', 0)
INSERT [dbo].[FoundItemImage] ([Id], [FoundItemId], [Url], [SortOrder]) VALUES (79, 35, N'https://picsum.photos/seed/laf35_1/640/420', 1)
INSERT [dbo].[FoundItemImage] ([Id], [FoundItemId], [Url], [SortOrder]) VALUES (80, 36, N'https://picsum.photos/seed/laf36_0/640/420', 0)
INSERT [dbo].[FoundItemImage] ([Id], [FoundItemId], [Url], [SortOrder]) VALUES (81, 36, N'https://picsum.photos/seed/laf36_1/640/420', 1)
INSERT [dbo].[FoundItemImage] ([Id], [FoundItemId], [Url], [SortOrder]) VALUES (82, 36, N'https://picsum.photos/seed/laf36_2/640/420', 2)
INSERT [dbo].[FoundItemImage] ([Id], [FoundItemId], [Url], [SortOrder]) VALUES (83, 36, N'https://picsum.photos/seed/laf36_3/640/420', 3)
INSERT [dbo].[FoundItemImage] ([Id], [FoundItemId], [Url], [SortOrder]) VALUES (84, 37, N'https://picsum.photos/seed/laf37_0/640/420', 0)
INSERT [dbo].[FoundItemImage] ([Id], [FoundItemId], [Url], [SortOrder]) VALUES (85, 37, N'https://picsum.photos/seed/laf37_1/640/420', 1)
INSERT [dbo].[FoundItemImage] ([Id], [FoundItemId], [Url], [SortOrder]) VALUES (86, 37, N'https://picsum.photos/seed/laf37_2/640/420', 2)
INSERT [dbo].[FoundItemImage] ([Id], [FoundItemId], [Url], [SortOrder]) VALUES (87, 37, N'https://picsum.photos/seed/laf37_3/640/420', 3)
INSERT [dbo].[FoundItemImage] ([Id], [FoundItemId], [Url], [SortOrder]) VALUES (88, 38, N'https://picsum.photos/seed/laf38_0/640/420', 0)
INSERT [dbo].[FoundItemImage] ([Id], [FoundItemId], [Url], [SortOrder]) VALUES (89, 38, N'https://picsum.photos/seed/laf38_1/640/420', 1)
INSERT [dbo].[FoundItemImage] ([Id], [FoundItemId], [Url], [SortOrder]) VALUES (90, 38, N'https://picsum.photos/seed/laf38_2/640/420', 2)
INSERT [dbo].[FoundItemImage] ([Id], [FoundItemId], [Url], [SortOrder]) VALUES (91, 39, N'https://picsum.photos/seed/laf39_0/640/420', 0)
INSERT [dbo].[FoundItemImage] ([Id], [FoundItemId], [Url], [SortOrder]) VALUES (92, 39, N'https://picsum.photos/seed/laf39_1/640/420', 1)
INSERT [dbo].[FoundItemImage] ([Id], [FoundItemId], [Url], [SortOrder]) VALUES (93, 40, N'https://picsum.photos/seed/laf40_0/640/420', 0)
INSERT [dbo].[FoundItemImage] ([Id], [FoundItemId], [Url], [SortOrder]) VALUES (94, 40, N'https://picsum.photos/seed/laf40_1/640/420', 1)
INSERT [dbo].[FoundItemImage] ([Id], [FoundItemId], [Url], [SortOrder]) VALUES (95, 41, N'https://picsum.photos/seed/laf41_0/640/420', 0)
INSERT [dbo].[FoundItemImage] ([Id], [FoundItemId], [Url], [SortOrder]) VALUES (96, 41, N'https://picsum.photos/seed/laf41_1/640/420', 1)
INSERT [dbo].[FoundItemImage] ([Id], [FoundItemId], [Url], [SortOrder]) VALUES (97, 41, N'https://picsum.photos/seed/laf41_2/640/420', 2)
INSERT [dbo].[FoundItemImage] ([Id], [FoundItemId], [Url], [SortOrder]) VALUES (98, 42, N'https://picsum.photos/seed/laf42_0/640/420', 0)
INSERT [dbo].[FoundItemImage] ([Id], [FoundItemId], [Url], [SortOrder]) VALUES (99, 42, N'https://picsum.photos/seed/laf42_1/640/420', 1)
INSERT [dbo].[FoundItemImage] ([Id], [FoundItemId], [Url], [SortOrder]) VALUES (100, 42, N'https://picsum.photos/seed/laf42_2/640/420', 2)
INSERT [dbo].[FoundItemImage] ([Id], [FoundItemId], [Url], [SortOrder]) VALUES (101, 43, N'https://picsum.photos/seed/laf43_0/640/420', 0)
INSERT [dbo].[FoundItemImage] ([Id], [FoundItemId], [Url], [SortOrder]) VALUES (102, 43, N'https://picsum.photos/seed/laf43_1/640/420', 1)
INSERT [dbo].[FoundItemImage] ([Id], [FoundItemId], [Url], [SortOrder]) VALUES (103, 43, N'https://picsum.photos/seed/laf43_2/640/420', 2)
INSERT [dbo].[FoundItemImage] ([Id], [FoundItemId], [Url], [SortOrder]) VALUES (104, 43, N'https://picsum.photos/seed/laf43_3/640/420', 3)
INSERT [dbo].[FoundItemImage] ([Id], [FoundItemId], [Url], [SortOrder]) VALUES (105, 44, N'https://picsum.photos/seed/laf44_0/640/420', 0)
INSERT [dbo].[FoundItemImage] ([Id], [FoundItemId], [Url], [SortOrder]) VALUES (106, 44, N'https://picsum.photos/seed/laf44_1/640/420', 1)
INSERT [dbo].[FoundItemImage] ([Id], [FoundItemId], [Url], [SortOrder]) VALUES (107, 44, N'https://picsum.photos/seed/laf44_2/640/420', 2)
INSERT [dbo].[FoundItemImage] ([Id], [FoundItemId], [Url], [SortOrder]) VALUES (108, 44, N'https://picsum.photos/seed/laf44_3/640/420', 3)
INSERT [dbo].[FoundItemImage] ([Id], [FoundItemId], [Url], [SortOrder]) VALUES (109, 45, N'https://picsum.photos/seed/laf45_0/640/420', 0)
INSERT [dbo].[FoundItemImage] ([Id], [FoundItemId], [Url], [SortOrder]) VALUES (110, 46, N'https://picsum.photos/seed/laf46_0/640/420', 0)
INSERT [dbo].[FoundItemImage] ([Id], [FoundItemId], [Url], [SortOrder]) VALUES (111, 46, N'https://picsum.photos/seed/laf46_1/640/420', 1)
INSERT [dbo].[FoundItemImage] ([Id], [FoundItemId], [Url], [SortOrder]) VALUES (112, 47, N'https://picsum.photos/seed/laf47_0/640/420', 0)
INSERT [dbo].[FoundItemImage] ([Id], [FoundItemId], [Url], [SortOrder]) VALUES (113, 47, N'https://picsum.photos/seed/laf47_1/640/420', 1)
INSERT [dbo].[FoundItemImage] ([Id], [FoundItemId], [Url], [SortOrder]) VALUES (114, 48, N'https://picsum.photos/seed/laf48_0/640/420', 0)
INSERT [dbo].[FoundItemImage] ([Id], [FoundItemId], [Url], [SortOrder]) VALUES (115, 49, N'https://picsum.photos/seed/laf49_0/640/420', 0)
INSERT [dbo].[FoundItemImage] ([Id], [FoundItemId], [Url], [SortOrder]) VALUES (116, 49, N'https://picsum.photos/seed/laf49_1/640/420', 1)
INSERT [dbo].[FoundItemImage] ([Id], [FoundItemId], [Url], [SortOrder]) VALUES (117, 49, N'https://picsum.photos/seed/laf49_2/640/420', 2)
INSERT [dbo].[FoundItemImage] ([Id], [FoundItemId], [Url], [SortOrder]) VALUES (118, 49, N'https://picsum.photos/seed/laf49_3/640/420', 3)
INSERT [dbo].[FoundItemImage] ([Id], [FoundItemId], [Url], [SortOrder]) VALUES (119, 50, N'https://picsum.photos/seed/laf50_0/640/420', 0)
INSERT [dbo].[FoundItemImage] ([Id], [FoundItemId], [Url], [SortOrder]) VALUES (120, 50, N'https://picsum.photos/seed/laf50_1/640/420', 1)
INSERT [dbo].[FoundItemImage] ([Id], [FoundItemId], [Url], [SortOrder]) VALUES (121, 51, N'https://picsum.photos/seed/laf51_0/640/420', 0)
INSERT [dbo].[FoundItemImage] ([Id], [FoundItemId], [Url], [SortOrder]) VALUES (122, 51, N'https://picsum.photos/seed/laf51_1/640/420', 1)
INSERT [dbo].[FoundItemImage] ([Id], [FoundItemId], [Url], [SortOrder]) VALUES (123, 51, N'https://picsum.photos/seed/laf51_2/640/420', 2)
INSERT [dbo].[FoundItemImage] ([Id], [FoundItemId], [Url], [SortOrder]) VALUES (124, 51, N'https://picsum.photos/seed/laf51_3/640/420', 3)
INSERT [dbo].[FoundItemImage] ([Id], [FoundItemId], [Url], [SortOrder]) VALUES (125, 52, N'https://picsum.photos/seed/laf52_0/640/420', 0)
INSERT [dbo].[FoundItemImage] ([Id], [FoundItemId], [Url], [SortOrder]) VALUES (126, 52, N'https://picsum.photos/seed/laf52_1/640/420', 1)
INSERT [dbo].[FoundItemImage] ([Id], [FoundItemId], [Url], [SortOrder]) VALUES (127, 52, N'https://picsum.photos/seed/laf52_2/640/420', 2)
INSERT [dbo].[FoundItemImage] ([Id], [FoundItemId], [Url], [SortOrder]) VALUES (128, 52, N'https://picsum.photos/seed/laf52_3/640/420', 3)
INSERT [dbo].[FoundItemImage] ([Id], [FoundItemId], [Url], [SortOrder]) VALUES (129, 53, N'https://picsum.photos/seed/laf53_0/640/420', 0)
INSERT [dbo].[FoundItemImage] ([Id], [FoundItemId], [Url], [SortOrder]) VALUES (130, 53, N'https://picsum.photos/seed/laf53_1/640/420', 1)
INSERT [dbo].[FoundItemImage] ([Id], [FoundItemId], [Url], [SortOrder]) VALUES (131, 53, N'https://picsum.photos/seed/laf53_2/640/420', 2)
INSERT [dbo].[FoundItemImage] ([Id], [FoundItemId], [Url], [SortOrder]) VALUES (132, 53, N'https://picsum.photos/seed/laf53_3/640/420', 3)
INSERT [dbo].[FoundItemImage] ([Id], [FoundItemId], [Url], [SortOrder]) VALUES (133, 54, N'https://picsum.photos/seed/laf54_0/640/420', 0)
INSERT [dbo].[FoundItemImage] ([Id], [FoundItemId], [Url], [SortOrder]) VALUES (134, 54, N'https://picsum.photos/seed/laf54_1/640/420', 1)
INSERT [dbo].[FoundItemImage] ([Id], [FoundItemId], [Url], [SortOrder]) VALUES (135, 54, N'https://picsum.photos/seed/laf54_2/640/420', 2)
INSERT [dbo].[FoundItemImage] ([Id], [FoundItemId], [Url], [SortOrder]) VALUES (136, 54, N'https://picsum.photos/seed/laf54_3/640/420', 3)
INSERT [dbo].[FoundItemImage] ([Id], [FoundItemId], [Url], [SortOrder]) VALUES (137, 55, N'https://picsum.photos/seed/laf55_0/640/420', 0)
INSERT [dbo].[FoundItemImage] ([Id], [FoundItemId], [Url], [SortOrder]) VALUES (138, 55, N'https://picsum.photos/seed/laf55_1/640/420', 1)
INSERT [dbo].[FoundItemImage] ([Id], [FoundItemId], [Url], [SortOrder]) VALUES (139, 55, N'https://picsum.photos/seed/laf55_2/640/420', 2)
INSERT [dbo].[FoundItemImage] ([Id], [FoundItemId], [Url], [SortOrder]) VALUES (140, 55, N'https://picsum.photos/seed/laf55_3/640/420', 3)
INSERT [dbo].[FoundItemImage] ([Id], [FoundItemId], [Url], [SortOrder]) VALUES (141, 56, N'https://picsum.photos/seed/laf56_0/640/420', 0)
INSERT [dbo].[FoundItemImage] ([Id], [FoundItemId], [Url], [SortOrder]) VALUES (142, 56, N'https://picsum.photos/seed/laf56_1/640/420', 1)
INSERT [dbo].[FoundItemImage] ([Id], [FoundItemId], [Url], [SortOrder]) VALUES (143, 56, N'https://picsum.photos/seed/laf56_2/640/420', 2)
INSERT [dbo].[FoundItemImage] ([Id], [FoundItemId], [Url], [SortOrder]) VALUES (144, 57, N'https://picsum.photos/seed/laf57_0/640/420', 0)
INSERT [dbo].[FoundItemImage] ([Id], [FoundItemId], [Url], [SortOrder]) VALUES (145, 58, N'https://picsum.photos/seed/laf58_0/640/420', 0)
INSERT [dbo].[FoundItemImage] ([Id], [FoundItemId], [Url], [SortOrder]) VALUES (146, 58, N'https://picsum.photos/seed/laf58_1/640/420', 1)
INSERT [dbo].[FoundItemImage] ([Id], [FoundItemId], [Url], [SortOrder]) VALUES (147, 59, N'https://picsum.photos/seed/laf59_0/640/420', 0)
INSERT [dbo].[FoundItemImage] ([Id], [FoundItemId], [Url], [SortOrder]) VALUES (148, 59, N'https://picsum.photos/seed/laf59_1/640/420', 1)
INSERT [dbo].[FoundItemImage] ([Id], [FoundItemId], [Url], [SortOrder]) VALUES (149, 59, N'https://picsum.photos/seed/laf59_2/640/420', 2)
INSERT [dbo].[FoundItemImage] ([Id], [FoundItemId], [Url], [SortOrder]) VALUES (150, 60, N'https://picsum.photos/seed/laf60_0/640/420', 0)
INSERT [dbo].[FoundItemImage] ([Id], [FoundItemId], [Url], [SortOrder]) VALUES (151, 60, N'https://picsum.photos/seed/laf60_1/640/420', 1)
INSERT [dbo].[FoundItemImage] ([Id], [FoundItemId], [Url], [SortOrder]) VALUES (152, 60, N'https://picsum.photos/seed/laf60_2/640/420', 2)
INSERT [dbo].[FoundItemImage] ([Id], [FoundItemId], [Url], [SortOrder]) VALUES (153, 61, N'https://picsum.photos/seed/laf61_0/640/420', 0)
INSERT [dbo].[FoundItemImage] ([Id], [FoundItemId], [Url], [SortOrder]) VALUES (154, 61, N'https://picsum.photos/seed/laf61_1/640/420', 1)
INSERT [dbo].[FoundItemImage] ([Id], [FoundItemId], [Url], [SortOrder]) VALUES (155, 62, N'https://picsum.photos/seed/laf62_0/640/420', 0)
INSERT [dbo].[FoundItemImage] ([Id], [FoundItemId], [Url], [SortOrder]) VALUES (156, 62, N'https://picsum.photos/seed/laf62_1/640/420', 1)
INSERT [dbo].[FoundItemImage] ([Id], [FoundItemId], [Url], [SortOrder]) VALUES (157, 62, N'https://picsum.photos/seed/laf62_2/640/420', 2)
INSERT [dbo].[FoundItemImage] ([Id], [FoundItemId], [Url], [SortOrder]) VALUES (158, 62, N'https://picsum.photos/seed/laf62_3/640/420', 3)
INSERT [dbo].[FoundItemImage] ([Id], [FoundItemId], [Url], [SortOrder]) VALUES (159, 63, N'https://picsum.photos/seed/laf63_0/640/420', 0)
INSERT [dbo].[FoundItemImage] ([Id], [FoundItemId], [Url], [SortOrder]) VALUES (160, 63, N'https://picsum.photos/seed/laf63_1/640/420', 1)
INSERT [dbo].[FoundItemImage] ([Id], [FoundItemId], [Url], [SortOrder]) VALUES (161, 63, N'https://picsum.photos/seed/laf63_2/640/420', 2)
INSERT [dbo].[FoundItemImage] ([Id], [FoundItemId], [Url], [SortOrder]) VALUES (162, 63, N'https://picsum.photos/seed/laf63_3/640/420', 3)
INSERT [dbo].[FoundItemImage] ([Id], [FoundItemId], [Url], [SortOrder]) VALUES (163, 64, N'https://picsum.photos/seed/laf64_0/640/420', 0)
INSERT [dbo].[FoundItemImage] ([Id], [FoundItemId], [Url], [SortOrder]) VALUES (164, 65, N'https://picsum.photos/seed/laf65_0/640/420', 0)
INSERT [dbo].[FoundItemImage] ([Id], [FoundItemId], [Url], [SortOrder]) VALUES (165, 66, N'https://picsum.photos/seed/laf66_0/640/420', 0)
INSERT [dbo].[FoundItemImage] ([Id], [FoundItemId], [Url], [SortOrder]) VALUES (166, 66, N'https://picsum.photos/seed/laf66_1/640/420', 1)
INSERT [dbo].[FoundItemImage] ([Id], [FoundItemId], [Url], [SortOrder]) VALUES (167, 67, N'https://picsum.photos/seed/laf67_0/640/420', 0)
INSERT [dbo].[FoundItemImage] ([Id], [FoundItemId], [Url], [SortOrder]) VALUES (168, 67, N'https://picsum.photos/seed/laf67_1/640/420', 1)
INSERT [dbo].[FoundItemImage] ([Id], [FoundItemId], [Url], [SortOrder]) VALUES (169, 67, N'https://picsum.photos/seed/laf67_2/640/420', 2)
INSERT [dbo].[FoundItemImage] ([Id], [FoundItemId], [Url], [SortOrder]) VALUES (170, 67, N'https://picsum.photos/seed/laf67_3/640/420', 3)
INSERT [dbo].[FoundItemImage] ([Id], [FoundItemId], [Url], [SortOrder]) VALUES (171, 68, N'https://picsum.photos/seed/laf68_0/640/420', 0)
INSERT [dbo].[FoundItemImage] ([Id], [FoundItemId], [Url], [SortOrder]) VALUES (172, 68, N'https://picsum.photos/seed/laf68_1/640/420', 1)
INSERT [dbo].[FoundItemImage] ([Id], [FoundItemId], [Url], [SortOrder]) VALUES (173, 69, N'https://picsum.photos/seed/laf69_0/640/420', 0)
INSERT [dbo].[FoundItemImage] ([Id], [FoundItemId], [Url], [SortOrder]) VALUES (174, 69, N'https://picsum.photos/seed/laf69_1/640/420', 1)
INSERT [dbo].[FoundItemImage] ([Id], [FoundItemId], [Url], [SortOrder]) VALUES (175, 70, N'https://picsum.photos/seed/laf70_0/640/420', 0)
INSERT [dbo].[FoundItemImage] ([Id], [FoundItemId], [Url], [SortOrder]) VALUES (176, 70, N'https://picsum.photos/seed/laf70_1/640/420', 1)
INSERT [dbo].[FoundItemImage] ([Id], [FoundItemId], [Url], [SortOrder]) VALUES (177, 70, N'https://picsum.photos/seed/laf70_2/640/420', 2)
INSERT [dbo].[FoundItemImage] ([Id], [FoundItemId], [Url], [SortOrder]) VALUES (178, 70, N'https://picsum.photos/seed/laf70_3/640/420', 3)
INSERT [dbo].[FoundItemImage] ([Id], [FoundItemId], [Url], [SortOrder]) VALUES (179, 71, N'https://picsum.photos/seed/laf71_0/640/420', 0)
INSERT [dbo].[FoundItemImage] ([Id], [FoundItemId], [Url], [SortOrder]) VALUES (180, 71, N'https://picsum.photos/seed/laf71_1/640/420', 1)
INSERT [dbo].[FoundItemImage] ([Id], [FoundItemId], [Url], [SortOrder]) VALUES (181, 72, N'https://picsum.photos/seed/laf72_0/640/420', 0)
INSERT [dbo].[FoundItemImage] ([Id], [FoundItemId], [Url], [SortOrder]) VALUES (182, 73, N'https://picsum.photos/seed/laf73_0/640/420', 0)
INSERT [dbo].[FoundItemImage] ([Id], [FoundItemId], [Url], [SortOrder]) VALUES (183, 73, N'https://picsum.photos/seed/laf73_1/640/420', 1)
INSERT [dbo].[FoundItemImage] ([Id], [FoundItemId], [Url], [SortOrder]) VALUES (184, 73, N'https://picsum.photos/seed/laf73_2/640/420', 2)
INSERT [dbo].[FoundItemImage] ([Id], [FoundItemId], [Url], [SortOrder]) VALUES (185, 73, N'https://picsum.photos/seed/laf73_3/640/420', 3)
INSERT [dbo].[FoundItemImage] ([Id], [FoundItemId], [Url], [SortOrder]) VALUES (186, 74, N'https://picsum.photos/seed/laf74_0/640/420', 0)
INSERT [dbo].[FoundItemImage] ([Id], [FoundItemId], [Url], [SortOrder]) VALUES (187, 74, N'https://picsum.photos/seed/laf74_1/640/420', 1)
INSERT [dbo].[FoundItemImage] ([Id], [FoundItemId], [Url], [SortOrder]) VALUES (188, 74, N'https://picsum.photos/seed/laf74_2/640/420', 2)
INSERT [dbo].[FoundItemImage] ([Id], [FoundItemId], [Url], [SortOrder]) VALUES (189, 75, N'https://picsum.photos/seed/laf75_0/640/420', 0)
INSERT [dbo].[FoundItemImage] ([Id], [FoundItemId], [Url], [SortOrder]) VALUES (190, 76, N'https://picsum.photos/seed/laf76_0/640/420', 0)
INSERT [dbo].[FoundItemImage] ([Id], [FoundItemId], [Url], [SortOrder]) VALUES (191, 76, N'https://picsum.photos/seed/laf76_1/640/420', 1)
INSERT [dbo].[FoundItemImage] ([Id], [FoundItemId], [Url], [SortOrder]) VALUES (192, 76, N'https://picsum.photos/seed/laf76_2/640/420', 2)
INSERT [dbo].[FoundItemImage] ([Id], [FoundItemId], [Url], [SortOrder]) VALUES (193, 76, N'https://picsum.photos/seed/laf76_3/640/420', 3)
INSERT [dbo].[FoundItemImage] ([Id], [FoundItemId], [Url], [SortOrder]) VALUES (194, 77, N'https://picsum.photos/seed/laf77_0/640/420', 0)
INSERT [dbo].[FoundItemImage] ([Id], [FoundItemId], [Url], [SortOrder]) VALUES (195, 78, N'https://picsum.photos/seed/laf78_0/640/420', 0)
INSERT [dbo].[FoundItemImage] ([Id], [FoundItemId], [Url], [SortOrder]) VALUES (196, 78, N'https://picsum.photos/seed/laf78_1/640/420', 1)
INSERT [dbo].[FoundItemImage] ([Id], [FoundItemId], [Url], [SortOrder]) VALUES (197, 78, N'https://picsum.photos/seed/laf78_2/640/420', 2)
INSERT [dbo].[FoundItemImage] ([Id], [FoundItemId], [Url], [SortOrder]) VALUES (198, 78, N'https://picsum.photos/seed/laf78_3/640/420', 3)
INSERT [dbo].[FoundItemImage] ([Id], [FoundItemId], [Url], [SortOrder]) VALUES (199, 79, N'https://picsum.photos/seed/laf79_0/640/420', 0)
INSERT [dbo].[FoundItemImage] ([Id], [FoundItemId], [Url], [SortOrder]) VALUES (200, 79, N'https://picsum.photos/seed/laf79_1/640/420', 1)
INSERT [dbo].[FoundItemImage] ([Id], [FoundItemId], [Url], [SortOrder]) VALUES (201, 80, N'https://picsum.photos/seed/laf80_0/640/420', 0)
INSERT [dbo].[FoundItemImage] ([Id], [FoundItemId], [Url], [SortOrder]) VALUES (202, 80, N'https://picsum.photos/seed/laf80_1/640/420', 1)
INSERT [dbo].[FoundItemImage] ([Id], [FoundItemId], [Url], [SortOrder]) VALUES (203, 81, N'https://picsum.photos/seed/laf81_0/640/420', 0)
INSERT [dbo].[FoundItemImage] ([Id], [FoundItemId], [Url], [SortOrder]) VALUES (204, 81, N'https://picsum.photos/seed/laf81_1/640/420', 1)
INSERT [dbo].[FoundItemImage] ([Id], [FoundItemId], [Url], [SortOrder]) VALUES (205, 81, N'https://picsum.photos/seed/laf81_2/640/420', 2)
INSERT [dbo].[FoundItemImage] ([Id], [FoundItemId], [Url], [SortOrder]) VALUES (206, 81, N'https://picsum.photos/seed/laf81_3/640/420', 3)
INSERT [dbo].[FoundItemImage] ([Id], [FoundItemId], [Url], [SortOrder]) VALUES (207, 82, N'https://picsum.photos/seed/laf82_0/640/420', 0)
INSERT [dbo].[FoundItemImage] ([Id], [FoundItemId], [Url], [SortOrder]) VALUES (208, 83, N'https://picsum.photos/seed/laf83_0/640/420', 0)
INSERT [dbo].[FoundItemImage] ([Id], [FoundItemId], [Url], [SortOrder]) VALUES (209, 83, N'https://picsum.photos/seed/laf83_1/640/420', 1)
INSERT [dbo].[FoundItemImage] ([Id], [FoundItemId], [Url], [SortOrder]) VALUES (210, 83, N'https://picsum.photos/seed/laf83_2/640/420', 2)
INSERT [dbo].[FoundItemImage] ([Id], [FoundItemId], [Url], [SortOrder]) VALUES (211, 84, N'https://picsum.photos/seed/laf84_0/640/420', 0)
INSERT [dbo].[FoundItemImage] ([Id], [FoundItemId], [Url], [SortOrder]) VALUES (212, 84, N'https://picsum.photos/seed/laf84_1/640/420', 1)
INSERT [dbo].[FoundItemImage] ([Id], [FoundItemId], [Url], [SortOrder]) VALUES (213, 84, N'https://picsum.photos/seed/laf84_2/640/420', 2)
INSERT [dbo].[FoundItemImage] ([Id], [FoundItemId], [Url], [SortOrder]) VALUES (214, 85, N'https://picsum.photos/seed/laf85_0/640/420', 0)
INSERT [dbo].[FoundItemImage] ([Id], [FoundItemId], [Url], [SortOrder]) VALUES (215, 85, N'https://picsum.photos/seed/laf85_1/640/420', 1)
INSERT [dbo].[FoundItemImage] ([Id], [FoundItemId], [Url], [SortOrder]) VALUES (216, 86, N'https://picsum.photos/seed/laf86_0/640/420', 0)
INSERT [dbo].[FoundItemImage] ([Id], [FoundItemId], [Url], [SortOrder]) VALUES (217, 86, N'https://picsum.photos/seed/laf86_1/640/420', 1)
INSERT [dbo].[FoundItemImage] ([Id], [FoundItemId], [Url], [SortOrder]) VALUES (218, 87, N'https://picsum.photos/seed/laf87_0/640/420', 0)
INSERT [dbo].[FoundItemImage] ([Id], [FoundItemId], [Url], [SortOrder]) VALUES (219, 87, N'https://picsum.photos/seed/laf87_1/640/420', 1)
INSERT [dbo].[FoundItemImage] ([Id], [FoundItemId], [Url], [SortOrder]) VALUES (220, 88, N'https://picsum.photos/seed/laf88_0/640/420', 0)
INSERT [dbo].[FoundItemImage] ([Id], [FoundItemId], [Url], [SortOrder]) VALUES (221, 88, N'https://picsum.photos/seed/laf88_1/640/420', 1)
INSERT [dbo].[FoundItemImage] ([Id], [FoundItemId], [Url], [SortOrder]) VALUES (222, 88, N'https://picsum.photos/seed/laf88_2/640/420', 2)
INSERT [dbo].[FoundItemImage] ([Id], [FoundItemId], [Url], [SortOrder]) VALUES (223, 88, N'https://picsum.photos/seed/laf88_3/640/420', 3)
INSERT [dbo].[FoundItemImage] ([Id], [FoundItemId], [Url], [SortOrder]) VALUES (224, 89, N'https://picsum.photos/seed/laf89_0/640/420', 0)
INSERT [dbo].[FoundItemImage] ([Id], [FoundItemId], [Url], [SortOrder]) VALUES (225, 89, N'https://picsum.photos/seed/laf89_1/640/420', 1)
INSERT [dbo].[FoundItemImage] ([Id], [FoundItemId], [Url], [SortOrder]) VALUES (226, 89, N'https://picsum.photos/seed/laf89_2/640/420', 2)
INSERT [dbo].[FoundItemImage] ([Id], [FoundItemId], [Url], [SortOrder]) VALUES (227, 90, N'https://picsum.photos/seed/laf90_0/640/420', 0)
INSERT [dbo].[FoundItemImage] ([Id], [FoundItemId], [Url], [SortOrder]) VALUES (228, 90, N'https://picsum.photos/seed/laf90_1/640/420', 1)
INSERT [dbo].[FoundItemImage] ([Id], [FoundItemId], [Url], [SortOrder]) VALUES (229, 90, N'https://picsum.photos/seed/laf90_2/640/420', 2)
INSERT [dbo].[FoundItemImage] ([Id], [FoundItemId], [Url], [SortOrder]) VALUES (230, 91, N'https://picsum.photos/seed/laf91_0/640/420', 0)
INSERT [dbo].[FoundItemImage] ([Id], [FoundItemId], [Url], [SortOrder]) VALUES (231, 91, N'https://picsum.photos/seed/laf91_1/640/420', 1)
INSERT [dbo].[FoundItemImage] ([Id], [FoundItemId], [Url], [SortOrder]) VALUES (232, 92, N'https://picsum.photos/seed/laf92_0/640/420', 0)
INSERT [dbo].[FoundItemImage] ([Id], [FoundItemId], [Url], [SortOrder]) VALUES (233, 92, N'https://picsum.photos/seed/laf92_1/640/420', 1)
INSERT [dbo].[FoundItemImage] ([Id], [FoundItemId], [Url], [SortOrder]) VALUES (234, 92, N'https://picsum.photos/seed/laf92_2/640/420', 2)
INSERT [dbo].[FoundItemImage] ([Id], [FoundItemId], [Url], [SortOrder]) VALUES (235, 92, N'https://picsum.photos/seed/laf92_3/640/420', 3)
INSERT [dbo].[FoundItemImage] ([Id], [FoundItemId], [Url], [SortOrder]) VALUES (236, 93, N'https://picsum.photos/seed/laf93_0/640/420', 0)
INSERT [dbo].[FoundItemImage] ([Id], [FoundItemId], [Url], [SortOrder]) VALUES (237, 93, N'https://picsum.photos/seed/laf93_1/640/420', 1)
INSERT [dbo].[FoundItemImage] ([Id], [FoundItemId], [Url], [SortOrder]) VALUES (238, 93, N'https://picsum.photos/seed/laf93_2/640/420', 2)
INSERT [dbo].[FoundItemImage] ([Id], [FoundItemId], [Url], [SortOrder]) VALUES (239, 94, N'https://picsum.photos/seed/laf94_0/640/420', 0)
INSERT [dbo].[FoundItemImage] ([Id], [FoundItemId], [Url], [SortOrder]) VALUES (240, 94, N'https://picsum.photos/seed/laf94_1/640/420', 1)
INSERT [dbo].[FoundItemImage] ([Id], [FoundItemId], [Url], [SortOrder]) VALUES (241, 95, N'https://picsum.photos/seed/laf95_0/640/420', 0)
INSERT [dbo].[FoundItemImage] ([Id], [FoundItemId], [Url], [SortOrder]) VALUES (242, 96, N'https://picsum.photos/seed/laf96_0/640/420', 0)
INSERT [dbo].[FoundItemImage] ([Id], [FoundItemId], [Url], [SortOrder]) VALUES (243, 96, N'https://picsum.photos/seed/laf96_1/640/420', 1)
INSERT [dbo].[FoundItemImage] ([Id], [FoundItemId], [Url], [SortOrder]) VALUES (244, 96, N'https://picsum.photos/seed/laf96_2/640/420', 2)
INSERT [dbo].[FoundItemImage] ([Id], [FoundItemId], [Url], [SortOrder]) VALUES (245, 96, N'https://picsum.photos/seed/laf96_3/640/420', 3)
INSERT [dbo].[FoundItemImage] ([Id], [FoundItemId], [Url], [SortOrder]) VALUES (246, 97, N'https://picsum.photos/seed/laf97_0/640/420', 0)
INSERT [dbo].[FoundItemImage] ([Id], [FoundItemId], [Url], [SortOrder]) VALUES (247, 97, N'https://picsum.photos/seed/laf97_1/640/420', 1)
INSERT [dbo].[FoundItemImage] ([Id], [FoundItemId], [Url], [SortOrder]) VALUES (248, 97, N'https://picsum.photos/seed/laf97_2/640/420', 2)
INSERT [dbo].[FoundItemImage] ([Id], [FoundItemId], [Url], [SortOrder]) VALUES (249, 97, N'https://picsum.photos/seed/laf97_3/640/420', 3)
INSERT [dbo].[FoundItemImage] ([Id], [FoundItemId], [Url], [SortOrder]) VALUES (250, 98, N'https://picsum.photos/seed/laf98_0/640/420', 0)
INSERT [dbo].[FoundItemImage] ([Id], [FoundItemId], [Url], [SortOrder]) VALUES (251, 98, N'https://picsum.photos/seed/laf98_1/640/420', 1)
INSERT [dbo].[FoundItemImage] ([Id], [FoundItemId], [Url], [SortOrder]) VALUES (252, 98, N'https://picsum.photos/seed/laf98_2/640/420', 2)
INSERT [dbo].[FoundItemImage] ([Id], [FoundItemId], [Url], [SortOrder]) VALUES (253, 99, N'https://picsum.photos/seed/laf99_0/640/420', 0)
INSERT [dbo].[FoundItemImage] ([Id], [FoundItemId], [Url], [SortOrder]) VALUES (254, 99, N'https://picsum.photos/seed/laf99_1/640/420', 1)
INSERT [dbo].[FoundItemImage] ([Id], [FoundItemId], [Url], [SortOrder]) VALUES (255, 99, N'https://picsum.photos/seed/laf99_2/640/420', 2)
INSERT [dbo].[FoundItemImage] ([Id], [FoundItemId], [Url], [SortOrder]) VALUES (256, 99, N'https://picsum.photos/seed/laf99_3/640/420', 3)
INSERT [dbo].[FoundItemImage] ([Id], [FoundItemId], [Url], [SortOrder]) VALUES (257, 100, N'https://picsum.photos/seed/laf100_0/640/420', 0)
INSERT [dbo].[FoundItemImage] ([Id], [FoundItemId], [Url], [SortOrder]) VALUES (258, 100, N'https://picsum.photos/seed/laf100_1/640/420', 1)
INSERT [dbo].[FoundItemImage] ([Id], [FoundItemId], [Url], [SortOrder]) VALUES (259, 100, N'https://picsum.photos/seed/laf100_2/640/420', 2)
INSERT [dbo].[FoundItemImage] ([Id], [FoundItemId], [Url], [SortOrder]) VALUES (260, 100, N'https://picsum.photos/seed/laf100_3/640/420', 3)
SET IDENTITY_INSERT [dbo].[FoundItemImage] OFF
GO
